93-F0116-00,E
93-F0116-10,E
93-F0120-00,E
93-P1100-2C,E
93-P1400-20,E
93-P1400-60,E
93-P1500-00,E
93-P1500-01,E
93-P1500-02,E
93-P1500-21,E
93-P1500-23,E
93-P1501-00,E
93-P2100-6A,E
93-P2100-6B,E
93-P2100-BA,E
93-P2200-6E,E
93-P2200-BE,E
93-P5300-60,E
93-P5300-B1,E
93-P5300-B5,E
93-P6000-23,E
93-P6000-50,E
93-P6000-60,E
93-P6000-64,E
93-P6000-80,E
93-P6000-82,E
93-P6000-83,E
93-P6000-B0,E
93-P6000-B3,E
93-P6000-B5,E
93-P6000-E0,E
93-P6000-F0,E
93-P6000-G2,E
93-P6000-H0,E
93-P6000-H1,E
93-P7000-B3,E
93-P7000-B6,E
93-P7000-G0,E
93-P7000-H0,E
93-P7000-H0,E
93-P8000-H4,E
93-P8000-H5,E
93-P7000-B5,E
93-P1400-B0,E
93-P1500-22,E
93-F0130-00,E
93-P6000-J0,E
93-F0130-10,E
93-P7000-B0,E
93-P7000-B2,E
93-P1100-6B,E
93-P1300-64,E
93-P1400-22,E
93-P6000-21,E
93-P6000-B3,E
93-P7000-G0,E
93-P2100-2A,E
93-F0130-00,E
93-P6000-B2,E
93-P1600-20,E
93-P1600-60,E
93-P1600-B0,E
93-P6000-63,E
93-F0132-00,E
93-P1300-61,E
93-P6000-52,E
93-F0130-00,E
93-F0130-00,E
93-P6000-D0,E
93-P6000-J2,E
93-P1300-23,E
93-P6000-61,E
93-P1300-62,E
