Unnamed: 0,Unnamed: 1,Unnamed: 2,Unnamed: 3,Unnamed: 4,修改,First,線別,VIP,製令單號,品名,品號,版次,預計完工日,料齊日,實際生產,MO數量,反面,正面,SMT C.T(sec.),生產工時(min),換線工時(min),總工時(min),上線日,Unnamed: 24,上線時間,結束時間,備註,連板,Initail,Unnamed: 30,重要工單,特採單號
,,,,,,,B,,調班至2/28,,,,,,,,,,,,,0,,,,,,,,,,
,,,,,,,,,,,,,,,,,,,,,,,,,,,,,,,,
,,,,,,,A,,調班至2/28,,,,,,,,,,,,,0,,,,,,,,,,
,,,,,,,,,,,,,,,,,,,,,,,,,,,,,,,,
,,,,,,,E,,前置FAI,,,,,,,,,,,0,,0,,,,,,,,,,
,,,,,,,E,,55E125030017,Aristocrat Gen10 Carrier,55-77522-002E,A2,3/10,2/27,420,1096,27.5,38.8,66.3,464.1,0,464.1,2025-03-01 00:00:00,663.0000000000001,,,Kim,1,2025-02-10 00:00:00,,重要工單,
,,,,,,,,3/1,,,,,,,,,,,Total,,,464.1,663.0000000000001,,,,,,,,,
,,,,,第一週排程,,,,,,,,,,生產數量,,,,,,,,,,,,,,,,,
,,,,,,,,,,,,,,,,,,,,,,,,,,,,,,,,
,,,,,修改,First,線別,VIP,製令單號,品名,品號,版次,預計完工日,料齊日,實際生產,MO數量,反面,正面,SMT C.T(sec.),生產工時(min),換線工時(min),總工時(min),上線日,,上線時間,結束時間,備註,IE專用,,,,
,,,,,,,,,開線,,,,,,,,,,,,,30,,,,,,,,,,
,,,,,,,B,,55E124120416,Aristocrat Gen10 Backplane,55-79030-004E,A3,3/5,2/19,300,,0,18,18,90,40,130,2025-03-03 00:00:00,,,,Kim,1,2024-12-24 00:00:00,,,
,,,,,2/6,,B,,55E125020016,Aristocrat Gen10 Backplane,55-79030-004E,A3,3/7,2/19,200,,0,18,18,60,0,60,2025-03-03 00:00:00,,,,Kim (3/4 夜班DIP),1,2024-12-24 00:00:00,,重要工單,
,,,,,,,B,,55N125040045,PXIe Type-6 CB/Atoll,55-63511-3020,A4,3/5,2/19,11,,40.9,41.1,82,15.033333333333333,60,85,2025-03-03 00:00:00,,,,,1,2025-02-07 00:00:00,,重要工單,
,,,,,,,B,,55N125040110,PXIe Type-6 CB/Atoll,55-63511-3030,A4,3/5,2/15,9,,40.9,41.1,82,12.3,20,32.3,2025-03-03 00:00:00,,,,,1,2025-02-07 00:00:00,,重要工單,
,,,,,,,B,,55N125030186,PXIe-9834,55-38902-1030,A2,3/5,2/27,6,,29,36,65,6.5,60,85,2025-03-03 00:00:00,,,,,2,2025-02-07 00:00:00,,重要工單,
,,,,,,,B,,55N124120469,NVR MB,55-65537-0020,A2,3/4,2/27,150,,71,112,183,457.5,60,517.5,2025-03-03 00:00:00,,,,,1,2025-01-21 00:00:00,,,DEV-0053664
,,,,,,,B,,59N125030092,UNP PB-2719A,59-37569-0020,A1,3/5,2/24,16,,12.96,0,12.96,3.4560000000000004,60,85,2025-03-03 00:00:00,,,,,2,2025-01-16 00:00:00,,重要工單,
,,,,,,,B,,59N125030410,MXM-A500-4G-40W,59-7C006-1120,1A1,3/5,2/18,26,,23,25,48,20.8,60,85,2025-03-03 00:00:00,,,,純SMT,2,2025-02-18 00:00:00,,重要工單,
,,,,,2/22,,B,,59N125030081,t2cExpress-SL-i7-6600U/Datasol,59-72213-0340,B1,3/6,2/11,54,,59,28,87,78.3,60,138.3,2025-03-03 00:00:00,,,,純SMT,2,2025-01-09 00:00:00,,重要工單,
,,,,,2/7,,B,,55N125020365,Express-TL-i5-11500HE/SSM,55-72138-3220,A2,3/7,2/20,60,150,51.44,58.62,110.06,110.06,40,150.06,2025-03-03 00:00:00,,,,純SMT,2,2025-01-16 00:00:00,,重要工單,
,,,,,,,,,,,,,,,,,,,,,,1398.1599999999999,,,,,,,,,,
,,,,,,,,,,,,,,,,,,,,,,,,,,,,,,,,
,,,,,,,,,開線、收線,,,,,,,,,,,,,60,,,,,,,,,,
,,,,,,,,,夜班支援DIP,,,,,,,,,,,,,720,,,,,,,,,,
,,,,,,,A,,55E125050003,PMC-8670CS2/C3CST,55-37550-102E,A2,3/5,2/7,30,,0,21,21,10.5,60,85,2025-03-03 00:00:00,,,,Michael,1,2025-01-09 00:00:00,,,
,,,,,,,A,,55E125050004,SEMI-MF cPCI-C3CST,55-65311-009E,A3,3/5,2/10,30,,20,38.9,58.9,29.45,60,89.45,2025-03-03 00:00:00,,,,Michael,2,2025-01-09 00:00:00,,,
,,,,,,,A,,55E124120091,Robotics Plus NAV Carrier board,55-E0059-000E,A1,3/5,2/19,10,,20,105,125,20.833333333333332,60,85,2025-03-03 00:00:00,,,,Evelyn,1,2025-01-09 00:00:00,,,
,,,,,,,A,,55E124120093,Robotics Plus Harness board,55-E0061-000E,A1,3/5,1/9,10,,20,8,28,4.666666666666667,60,85,2025-03-03 00:00:00,,,,Evelyn,16,2025-01-09 00:00:00,,,
,,,,,,,A,,55E125020206,cExpress-BT2-E3845,55-72210-00J0,C1,3/4,2/25,16,,43,30,73,19.466666666666665,60,85,2025-03-03 00:00:00,,,,"Cindy,純SMT",2,2025-01-14 00:00:00,,,
,,,,,2/22,,A,,59N125020216,NEON-ONO Carrier Board USB3,59-14211-0010,A1,3/5,2/19,20,,30,25,55,18.333333333333332,60,85,2025-03-03 00:00:00,,,,,4,2025-01-20 00:00:00,,重要工單,
,,,,,,,A,,59N124120460,t1Express-TL-W-11865MRE-4DIMM,59-72138-C030,A2,3/5,2/27,6,,50,45,95,9.5,60,85,2025-03-03 00:00:00,,,,純SMT,2,2025-02-20 00:00:00,,,
,,,,,,,,,,,,,,,,,,,,,,1379.45,,,,,,,,,,
,,,,,,,,,,,,,,,,,,,,,,,,,,,,,,,,
,,,,,,,E,,前置FAI,,,,,,,,,,,0,,0,,,,,,,,,,
,,,,,,,E,,55E125030017,Aristocrat Gen10 Carrier,55-77522-002E,A2,3/10,2/27,376,1096,27.5,38.8,66.3,415.47999999999996,0,415.47999999999996,2025-03-03 00:00:00,593.5428571428571,,,Kim,1,2025-02-10 00:00:00,,重要工單,
,,,,,,,,3/3,,,,,,,,,,,Total,,,415.47999999999996,593.5428571428571,,,,,,,,,
,,,,,2/7,,B,,55N125020365,Express-TL-i5-11500HE/SSM,55-72138-3220,A2,3/7,2/20,90,150,51.44,58.62,110.06,165.09,0,165.09,2025-03-04 00:00:00,,,,純SMT,2,2025-01-16 00:00:00,,重要工單,
,,,,,,,B,,55E124090223,cPCI-A3USB/mini PCIe/without IO/no RTM,55-32015-300E,A1,3/6,2/5,30,,28.5,28.5,57,28.5,80,108.5,2025-03-04 00:00:00,,,,Raymond,2,2025-01-15 00:00:00,,,DEV-0051988
,,,,,,,B,,55N125040060,NVR MB,55-65537-0020,A2,3/5,3/3,150,,71,112,183,457.5,40,497.5,2025-03-04 00:00:00,,,,,1,2025-01-21 00:00:00,,,
,,,,,1/15,,B,,55N125010412,"SP-TGL,i5,PCAP,12V,EC,TPM,MLC-M",55-A1027-3430,A2,3/5,2/19,90,,62,58,120,180,40,220,2025-03-04 00:00:00,,,,,1,2025-01-09 00:00:00,,重要工單,
,,,,,,,B,,59N125020278,ABX-230AFM-4USB2,59-44842-0010,A1,3/7,2/19,200,,10,7,17,56.666666666666664,40,96.66666666666666,2025-03-04 00:00:00,,,,,1,2025-01-09 00:00:00,,重要工單,
,,,,,,,B,,59N125030132,M9019-66501,59-63515-0080,A2,3/6,2/17,100,,0,42,42,70,40,110,2025-03-04 00:00:00,,,,,2,2025-01-15 00:00:00,,重要工單,
,,,,,2/22,,B,,59N125030142,Siemens ImagSys-Lan Board,59-A2056-0020,A2,3/6,3/3,114,,13.33,18.5,31.83,60.477,40,100.477,2025-03-04 00:00:00,,,,,3,2025-01-16 00:00:00,,重要工單,
,,,,,2/24,,B,,59N125010471,cExpress-EL-J6426,59-72217-6020,A2,3/5,3/4,6,,44.6,51.8,96.4,9.640000000000002,60,85,2025-03-04 00:00:00,,,,純SMT,2,2025-02-04 00:00:00,,,
,,,,,,,,,,,,,,,,,,,,,,1383.2336666666667,,,,,,,,,,
,,,,,,,,,,,,,,,,,,,,,,,,,,,,,,,,
,,,,,,,,,開線、收線,,,,,,,,,,,,,60,,,,,,,,,,
,,,,,,,,,夜班支援DIP,,,,,,,,,,,,,720,,,,,,,,,,
,,,,,2/22,,A,,55E125020221,MPB-2788,55-38216-0030,A3,3/7,2/27,20,,90,53,143,47.666666666666664,60,107.66666666666666,2025-03-04 00:00:00,,,,Emma,1,2025-02-13 00:00:00,,重要工單,
,,,,,2/25,,A,,55E124060314,COM-HPC-mMTL-155H-Ultra7-28W-16G,55-73600-101E,A1,3/5,2/19,10,,46,53.2,99.2,16.533333333333335,80,96.53333333333333,2025-03-04 00:00:00,,,,"Clare,純SMT(不要備料X板 PCB)",2,2025-02-05 00:00:00,,,DEV-0053351
,,,,,2/25,,A,,55E124060316,COM-HPC-mMTL-155H-Ultra7-28W-32G-128G,55-73600-211E,A1,3/5,2/19,10,,46,53.2,99.2,16.533333333333335,80,96.53333333333333,2025-03-04 00:00:00,,,,"Clare,純SMT(要備料""單X板"" PCB)",2,2025-02-05 00:00:00,,,DEV-0053353
,,,,,2/22,,A,,59N125030262,EGX-MXM-AD2000,59-7C008-0010,A1,3/7,2/27,22,,38,35,73,26.766666666666666,60,86.76666666666667,2025-03-04 00:00:00,,,,純SMT,2,2025-02-11 00:00:00,,,
,,,,,,,A,,59N125050083,cExpress-TL-i3-1115G4E,59-72218-2050,A3,3/7,2/26,6,,45.9,45.1,91,9.1,60,85,2025-03-04 00:00:00,,,,純SMT,2,2025-02-26 00:00:00,,,
,,,,,,,,,,,,,,,,,,,,,,1252.5,,,,,,,,,,
,,,,,,,,,,,,,,,,,,,,,,,,,,,,,,,,
,,,,,,,E,,前置FAI,,,,,,,,,,,0,,0,,,,,,,,,,
,,,,,2/27,,E,,55N125030417,Aristocrat Gen10 Config stick,55-79028-0010,A1,3/17,3/3,1600,3368,8,7,15,400,0,400,2025-03-04 00:00:00,571.4285714285714,,,純SMT,8,2025-02-20 00:00:00,,,
,,,,,,,,3/4,,,,,,,,,,,Total,,,462.5,571.4285714285714,,,,,,,,,
,,,,,,,B,,59N125020462,R4600-3A1 AFM board,59-65A59-0020,A2,3/10,2/24,51,,53,53,106,90.1,40,130.1,2025-03-05 00:00:00,,,,,1,2025-02-17 00:00:00,,,
,,,,,,,B,,59N125010342,t1cExpress-EL-x6425RE,59-72217-9040,A2,3/7,2/25,74,,44.6,51.8,96.4,118.89333333333335,40,158.89333333333335,2025-03-05 00:00:00,,,,純SMT(COM稽核機種),2,2025-01-21 00:00:00,,,
,,,,,2/6,,B,,59N125030052,Capsule Axon 2 Serial Daughterboard,59-66876-0010,A2,3/10,2/6,342,,10,11,21,119.7,40,159.7,2025-03-05 00:00:00,,,,,3,2024-12-26 00:00:00,,重要工單,
,,,,,2/27,,B,,55E125010210,LEC-iMX8MM-Q-4G-64G-ER/JCI,55-72517-221E,A1,3/7,1/22,106,,28,25,53,93.63333333333334,40,133.63333333333333,2025-03-05 00:00:00,,,,"Winnie,純SMT",2,2024-12-30 00:00:00,,,
,,,,,,,B,,55E125040090,t1Express-RLP-i7-13800HRE-VGA,55-72139-J02E,A1,3/6,2/27,6,,55,61,116,11.6,80,91.6,2025-03-05 00:00:00,,,,"Clare,純SMT",2,2025-02-27 00:00:00,,,DEV-0053598
,,,,,,,B,,55N125030310,NVR MB w/o PoE ports,55-65537-0120,A2,3/6,3/4,150,,75,115,190,475,60,535,2025-03-05 00:00:00,,,,,1,2025-02-06 00:00:00,,,
,,,,,,,B,,55N125020325,cPCI-3520/2276ML/M32G,55-31128-0130,A2,3/7,3/4,32,,72.4,62.9,135.3,72.16000000000001,60,132.16000000000003,2025-03-05 00:00:00,,,,,2,2025-02-04 00:00:00,,,
,,,,,2/5,,B,,55N125030132,M9019-66530,55-63623-0030,A3,3/6,2/12,30,100,40,40,80,40,40,80,2025-03-05 00:00:00,,,,,1,2025-01-15 00:00:00,,重要工單,
,,,,,,,,,,,,,,,,,,,,,,1421.0866666666668,,,,,,,,,,
,,,,,,,,,,,,,,,,,,,,,,,,,,,,,,,,
,,,,,,,,,開線、收線,,,,,,,,,,,,,60,,,,,,,,,,
,,,,,,,,,夜班支援DIP,,,,,,,,,,,,,720,,,,,,,,,,
,,,,,,●,A,,55E125040137,OSM-MTK520-4G-64G-CT,55-76104-100E,A0,3/5,2/21,8,,30,90,120,16,90,140,2025-03-05 00:00:00,,,,"Claire,純SMT",4,2025-02-21 00:00:00,,重要工單,DEV-0053658
,,,,,3/3,,A,,59N125010031,Triton TUI Scaler Board w/0 ohm protect,59-A2054-1010,A3,3/7,2/17,42,,13.3,24.7,38,26.6,60,86.6,2025-03-05 00:00:00,,,,3/5中午前完成，下午DIP生產,3,2024-12-31 00:00:00,,重要工單,
,,,,,1/21,,A,,55E124100393,EGX-MXM-AD3500,55-7C009-001E,A1,3/6,3/3,20,,48,55,103,34.333333333333336,60,94.33333333333334,2025-03-05 00:00:00,,,,"Maggie,純SMT",2,2024-12-25 00:00:00,,重要工單,
,,,,,,,A,,55E125030169,"SP-AL,E3930,RES,12V,no IO, DMI-1210",55-A1021-4180,A4,3/6,3/5,5,,48,65,113,9.416666666666666,60,85,2025-03-05 00:00:00,,,,Agnes,1,2025-02-13 00:00:00,,,
,,,,,2/27,,A,,59N125010444,UNP Express-BASE,59-46604-00J0,1D2,3/10,3/5,72,,0,51.77,51.77,62.124,40,102.124,2025-03-05 00:00:00,,,,,1,2025-02-20 00:00:00,,重要工單,
,,,,,,,A,,59N124120378,UNP Seatex 2U EL MKD,59-79001-1020,1A1,3/7,3/3,120,,0,15,15,30,40,85,2025-03-05 00:00:00,,,,,1,2025-01-21 00:00:00,,重要工單,
,,,,,1/21,,A,,59N125030050,MLC8 Light Bar Board,59-A3036-0010,A3,3/7,2/19,42,,15.2,7.5,22.7,15.889999999999999,60,85,2025-03-05 00:00:00,,,,純SMT,7,2025-01-16 00:00:00,,重要工單,
,,,,,,,,,,,,,,,,,,,,,,1458.0573333333334,,,,,,,,,,
,,,,,,,,,,,,,,,,,,,,,,,,,,,,,,,,
,,,,,,,E,,前置FAI,,,,,,,,,,,0,,0,,,,,,,,,,
,,,,,2/27,,E,,55N125030417,Aristocrat Gen10 Config stick,55-79028-0010,A1,3/17,3/3,1600,3368,8,7,15,400,0,400,2025-03-05 00:00:00,571.4285714285714,,,純SMT,8,2025-02-20 00:00:00,,,
,,,,,,,,3/5,,,,,,,,,,,Total,,,525,571.4285714285714,,,,,,,,,
,,,,,,,,,第4班開線,,,,,,,,,,,,,,,,,,,,,,,
,,,,,2/5,,B,,55N125030132,M9019-66530,55-63623-0030,A3,3/6,2/12,70,100,40,40,80,93.33333333333333,0,93.33333333333333,2025-03-06 00:00:00,,,,,1,2025-01-15 00:00:00,,重要工單,
,,,,,,,B,,55E125010297,Aristocrat Gen10 Backplane,55-79030-004E,A3,3/8,2/21,300,,0,18,18,90,40,130,2025-03-06 00:00:00,,,,Kim,1,2025-01-07 00:00:00,,,
,,,,,2/21,,B,,59N125030293,t1cExpress-EL-x6211E,59-72217-8020,A2,3/10,3/5,30,,44.6,51.8,96.4,48.2,60,108.2,2025-03-06 00:00:00,,,,純SMT(COM稽核機種),2,2025-02-07 00:00:00,,,
,,,,,,,B,,55N125030311,NVR MB w/o PoE ports,55-65537-0120,A2,3/7,3/5,150,,75,115,190,475,60,535,2025-03-06 00:00:00,,,,,1,2025-02-06 00:00:00,,,
,,,,,1/21,,B,,59N125030072,"ABX-220-EHL/SRDNA, X02",59-44835-AC50,A2,3/11,2/14,104,,75.26,86.92,162.18,281.112,40,321.112,2025-03-06 00:00:00,,,,,1,2024-12-31 00:00:00,,重要工單,
,,,,,,,,,,,,,,,,,,,,,,1187.6453333333334,,,,,,,,,,
,,,,,,,,,,,,,,,,,,,,,,,,,,,,,,,,
,,,,,,,,,開線、收線,,,,,,,,,,,,,60,,,,,,,,,,
,,,,,3/3,,A,,55E125040118,COM-HPC-cRLS-R680E/Figure-ai,55-73301-130E,A3,3/7,3/5,42,,55,51,106,74.2,40,114.2,2025-03-06 00:00:00,,,,Cindy(3/7上午接測),1,2025-02-25 00:00:00,,,
,,,,,,,A,,55E125020167,cExpress-RLP-i7-13800HRE-64G,55-72222-000E,A1,3/7,3/5,10,,58,55,113,18.833333333333332,80,98.83333333333333,2025-03-06 00:00:00,,,,"Cindy,純SMT",2,2025-02-17 00:00:00,,,DEV-0053216
,,,,,,,A,,55E125040113,cExpress-RLP-i7-13800HRE-64G,55-72222-000E,A1,3/7,3/5,6,,58,55,113,11.3,80,91.3,2025-03-06 00:00:00,,,,"Cindy,純SMT",2,2025-02-17 00:00:00,,,DEV-0052949
,,,,,,,A,,55E125020164,cExpress-RLP-i7-1365URE-8G,55-72222-300E,A1,3/7,3/5,8,,60,60,120,16,80,96,2025-03-06 00:00:00,,,,"Cindy,純SMT",2,2025-02-17 00:00:00,,,DEV-0053216
,,,,,,,A,,55E125040114,cExpress-RLP-i7-1365URE-8G,55-72222-300E,A1,3/7,3/5,6,,60,60,120,12,80,92,2025-03-06 00:00:00,,,,"Cindy,純SMT",2,2025-02-17 00:00:00,,,DEV-0053408
,,,,,,,A,,59N125010431,UNP HSL-DI8DO8-C-XN,59-23040-00A0,A2,3/10,3/4,64,,0,8,8,8.533333333333333,60,85,2025-03-06 00:00:00,,,,,8,2025-01-16 00:00:00,,重要工單,
,,,,,2/24,,A,,59N125020370,cExpress-MTL-125H,59-72221-4010,A1,3/10,3/5,6,,60,60,120,12,60,85,2025-03-06 00:00:00,,,,純SMT,2,2025-02-13 00:00:00,,,
,,,,,2/24,,A,,59N124120471,UNP T6-DDI,59-79302-0040,B1,3/10,3/4,10,,0,22.38,22.38,3.7299999999999995,60,85,2025-03-06 00:00:00,,,,,2,2025-01-21 00:00:00,,,
,,,,,3/3,,A,,59N125030098,Express-SL-i5-6440EQ/Redflex Nirvana,59-72128-2330,A3,3/10,3/5,46,,68,35,103,78.96666666666667,40,118.96666666666667,2025-03-06 00:00:00,,,,純SMT,2,2025-01-21 00:00:00,,,
,,,,,3/3,,A,,59N125020070,SIM-CCU01,59-65A31-0040,A2,3/10,3/5,51,,20.7,24,44.7,37.995000000000005,60,97.995,2025-03-06 00:00:00,,,,,3,2025-01-09 00:00:00,,,
,,,,,3/3,,A,,55E125030072,ESM002 Shmm700,55-65014-504E,A4,3/7,3/4,20,,53.28,84.12,137.4,45.8,60,105.8,2025-03-06 00:00:00,,,,Jerry (物料82-3256Q-E4K0 預計3/6到廠),1,2025-01-24 00:00:00,,重要工單,
,,,,,,,,,,,,,,,,,,,,,,1130.095,,,,,,,,,,
,,,,,,,,,,,,,,,,,,,,,,,,,,,,,,,,
,,,,,,,E,,前置FAI,,,,,,,,,,,0,,0,,,,,,,,,,
,,,,,2/27,,E,,55N125030417,Aristocrat Gen10 Config stick,55-79028-0010,A1,3/17,3/3,168,3368,8,7,15,42,0,42,2025-03-06 00:00:00,60.00000000000001,,,純SMT,8,2025-02-20 00:00:00,,,
,,,,,,,E,,前置FAI,,,,,,,,,,,0,,0,,,,,,,,,,
,,,,,2/27,,E,,59N125020047,Express-CF-i3-8100H/ARIS,59-72131-2470,A2,3/20,3/4,370,1404,45,30,75,462.5,0,462.5,2025-03-06 00:00:00,578.125,,,純SMT(3/7上午接測),2,2025-02-10 00:00:00,,重要工單,
,,,,,,,,3/6,,,,,,,,,,,Total,,,504.5,638.125,,,,,,,,,
,,,,,,,B,,55N125030312,NVR MB w/o PoE ports,55-65537-0120,A2,3/8,3/5,150,,75,115,190,475,60,535,2025-03-07 00:00:00,,,,,1,2025-02-06 00:00:00,,,
,,,,,3/4,,B,,59N125030102,Express-IBR-i7-3517UE/Td,59-72121-A680,A3,3/14,3/6,210,,46,35,81,283.5,40,323.5,2025-03-07 00:00:00,,,,"純SMT,76-00185-50Z0跳票",2,2025-02-05 00:00:00,,,
,,,,,2/12,,B,,59N125010437,LEC-iMX8MP-Q-2G-32G-CT/Zoetis,59-72512-7120,A2,3/14,2/27,316,,42,36,78,410.8,40,450.8,2025-03-07 00:00:00,,,,純SMT(3/8上午接測),2,2025-01-16 00:00:00,,,
,,,,,3/4,,B,,55E125010298,Aristocrat Gen10 Backplane,55-79030-004E,A3,3/11,2/21,300,,0,18,18,90,40,130,2025-03-07 00:00:00,,,,Kim,1,2025-01-07 00:00:00,,,
,,,,,,,,,,,,,,,,,,,,,,1439.3,,,,,,,,,,
,,,,,,,,,,,,,,,,,,,,,,,,,,,,,,,,
,,,,,,,,,開線、收線,,,,,,,,,,,,,60,,,,,,,,,,
,,,,,,,,,夜班支援DIP,,,,,,,,,,,,,720,,,,,,,,,,
,,,,,,●,A,,55E125030222,EGX-PCIE-A580E-KGI,55-7C402-002E,A2,3/12,2/27,10,,60,35,95,15.833333333333334,70,120,2025-03-07 00:00:00,,,,Maggie,2,2025-02-18 00:00:00,,,
,,,,,2/20,,A,,59N125020436,Express-BD74-D1577/TPM2.0/CWC,59-72134-2110,A1,3/11,3/6,62,,43,44,87,89.9,40,129.9,2025-03-07 00:00:00,,,,純SMT(3/8上午接測),2,2025-02-06 00:00:00,,重要工單,
,,,,,,,A,,59N125030120,Express-BASE7,59-77105-0030,A2,3/12,2/24,6,,40,61.4,101.4,10.140000000000002,60,85,2025-03-07 00:00:00,,,,,1,2025-01-21 00:00:00,,,
,,,,,,,A,,55N125020006,Super capacitor board for 150W PSU,55-65627-1010,A1,3/11,3/6,50,,0,8,8,6.666666666666667,60,85,2025-03-07 00:00:00,,,,,5,2025-01-09 00:00:00,,,
,,,,,,,A,,59N125030078,CM4-SL2-6102E-8G-8G,59-48105-0070,A2,3/11,3/6,10,,67.68,49.49,117.17000000000002,19.52833333333334,60,85,2025-03-07 00:00:00,,,,,1,2025-01-09 00:00:00,,,
,,,,,1/23,,A,,59N125020159,Express-DN7-C3808,59-72132-0080,A2,3/11,1/21,6,,43.68,40.1,83.78,8.378,80,88.378,2025-03-07 00:00:00,,,,純SMT,2,2024-12-26 00:00:00,,,DEV-0052895
,,,,,,,,,,,,,,,,,,,,,,1373.278,,,,,,,,,,
,,,,,,,,,,,,,,,,,,,,,,,,,,,,,,,,
,,,,,,,E,,前置FAI,,,,,,,,,,,0,,0,,,,,,,,,,
,,,,,2/27,,E,,59N125020047,Express-CF-i3-8100H/ARIS,59-72131-2470,A2,3/20,3/4,420,1404,45,30,75,525,0,525,2025-03-07 00:00:00,656.25,,,純SMT(3/8上午接測),2,2025-02-10 00:00:00,,重要工單,
,,,,,,,,3/7,,,,,,,,,,,Total,,,525,656.25,,,,,,,,,
,,,,,,,,,夜班開線8小時,,,,,,,,,,,,,240,,,,,,,,,,
,,,,,,,,,收線,,,,,,,,,,,,,30,,,,,,,,,,
,,,,,2/13,,B,,59N125030002,NVR LED board,59-65A71-0010,A1,3/12,3/5,350,,7,8.5,15.5,90.41666666666667,40,130.41666666666669,2025-03-08 00:00:00,,,,,5,2025-02-12 00:00:00,,重要工單,
,,,,,2/13,,B,,59N125030073,ADi-BAMP-G2/24V/SSC,59-7B203-2110,A2,3/12,2/27,204,,10,10.3,20.3,69.02,40,109.02,2025-03-08 00:00:00,,,,,4,2025-01-16 00:00:00,,重要工單,
,,,,,,,B,,59N125010315,MLC-S ADL MB,59-A1032-0010,A1,3/14,3/4,133,,73,68,141,312.55,40,352.55,2025-03-08 00:00:00,,,,,1,2025-01-16 00:00:00,,重要工單,
,,,,,,,B,,59N124120379,cExpress-KL-3965U/Seatex,59-72215-3160,B1,3/13,3/7,116,,56.6,23.3,79.9,154.47333333333336,40,194.47333333333336,2025-03-08 00:00:00,,,,純SMT,2,2025-01-16 00:00:00,,重要工單,
,,,,,3/5,,B,,59N125020458,EGX-MXM-T1000/Align,59-7C003-A020,A2,3/15,2/17,240,,39.5,35.5,75,300,40,340,2025-03-08 00:00:00,,,,純SMT,2,2025-02-13 00:00:00,,,
,,,,,,,,,,,,,,,,,,,,,,1396.46,,,,,,,,,,
,,,,,,,,,,,,,,,,,,,,,,,,,,,,,,,,
,,,,,,,,,夜班開線8小時,,,,,,,,,,,,,240,,,,,,,,,,
,,,,,,,,,開線、收線,,,,,,,,,,,,,60,,,,,,,,,,
,,,,,2/18,,A,,59N125020305,Express-SL-i3-6102E/SEPSA,59-72128-5410,B2,3/12,3/4,108,,76,35,111,199.8,40,239.8,2025-03-08 00:00:00,,,,純SMT,2,2025-01-24 00:00:00,,重要工單,
,,,,,,,A,,55N125030141,Siemens ImagSys-COM USB Board,55-A2059-0020,A3,3/12,3/3,100,,11,14,25,41.666666666666664,60,101.66666666666666,2025-03-08 00:00:00,,,,,4,2025-01-16 00:00:00,,重要工單,
,,,,,2/13,,A,,55N125030303,M9022A,55-63512-0050Z,A3,3/10,3/4,102,,35,37,72,122.4,60,182.4,2025-03-08 00:00:00,,,,,1,2025-01-24 00:00:00,,重要工單,DEV-0053401
,,,,,,,A,,59N125010516,UNP CM1-BT1-E3815,59-48104-0090,A7,3/12,3/7,26,,49.8,35.2,85,36.833333333333336,60,96.83333333333334,2025-03-08 00:00:00,,,,,2,2025-01-21 00:00:00,,,
,,,,,,,A,,55N124120457,SEMI-MF CM1-BT1-E3815,55-48104-0090,A7,3/10,3/7,6,,53,43,96,9.6,20,29.6,2025-03-08 00:00:00,,,,,2,2025-01-21 00:00:00,,,
,,,,,,,A,,55N125030116,SEMI-MF CM2-BT2-E3825,55-48104-10A0,A7,3/10,3/7,18,,49.6,36,85.6,25.68,60,85.68,2025-03-08 00:00:00,,,,,2,2025-01-21 00:00:00,,,
,,,,,,,A,,55N125030114,SEMI-MF CM3-BT4-E3845,55-48104-20A0,A7,3/11,3/7,26,,56,38,94,40.733333333333334,60,100.73333333333333,2025-03-08 00:00:00,,,,,2,2025-01-21 00:00:00,,,
,,,,,,,A,,59N125030231,MXM-T1000,59-7C003-1040,1A2,3/12,3/7,74,,41,32,73,90.03333333333333,40,130.03333333333333,2025-03-08 00:00:00,,,,純SMT,2,2025-01-16 00:00:00,,重要工單,
,,,,,,,,,,,,,,,,,,,,,,1266.7466666666667,,,,,,,,,,
,,,,,,,,,,,,,,,,,,,,,,,,,,,,,,,,
,,,,,,,E,,前置FAI,,,,,,,,,,,0,,0,,,,,,,,,,
,,,,,2/27,,E,,59N125020047,Express-CF-i3-8100H/ARIS,59-72131-2470,A2,3/20,3/4,420,1404,45,30,75,525,0,525,2025-03-08 00:00:00,656.25,,,純SMT(3/10上午接測),2,2025-02-10 00:00:00,,重要工單,
,,,,,,,,3/8,,,,,,,,,,,Total,,,525,656.25,,,,,,,,,
,,,,,第一週排程,,,,,,,,,,生產數量,,,,,,,,,,,,,,,,,
,,,,,,,,,,,,,,,,,,,,,,,,,,,,,,,,
,,,,,修改,First,線別,VIP,製令單號,品名,品號,版次,預計完工日,料齊日,實際生產,MO數量,反面,正面,SMT C.T(sec.),生產工時(min),換線工時(min),總工時(min),上線日,,上線時間,結束時間,備註,IE專用,,,,
,,,,,,,,,第4班開線,,,,,,,,,,,,,,,,,,,,,,,
,,,,,,,,,開線,,,,,,,,,,,,,30,,,,,,,,,,
,,,,,2/25,,B,,59N125020006,R4600-3A1-MB,59-65522-1020,A2,3/14,3/4,50,,77,83,160,133.33333333333334,40,173.33333333333334,2025-03-10 00:00:00,,,,,1,2025-02-04 00:00:00,,,
,,,,,,,B,,59N125020340,cExpress-SL-i5-6300U/SMD,59-72213-1260,B1,3/14,3/7,100,,58,30,88,146.66666666666666,40,186.66666666666666,2025-03-10 00:00:00,,,,純SMT,2,2025-02-04 00:00:00,,,
,,,,,,,B,,59N125030150,Express-CFR-i7-9850HE/EP6200/HHC,59-72135-0260,A1,3/14,2/24,100,,49,43,92,153.33333333333334,40,193.33333333333334,2025-03-10 00:00:00,,,,純SMT,2,2025-02-04 00:00:00,,重要工單,
,,,,,,,B,,55N124120466,NVR MB,55-65537-0020,A2,3/11,3/7,150,,71,112,183,457.5,40,497.5,2025-03-10 00:00:00,,,,,1,2025-02-12 00:00:00,,,
,,,,,3/3,,B,,55E125040020,ADi-BA3G-CL/H420E/8MB/AGS,55-7B500-110E,A3,3/14,3/5,90,127,79.52,98.01,177.53,266.295,40,306.295,2025-03-10 00:00:00,,,,Maggie,1,2025-02-17 00:00:00,,重要工單,
,,,,,,,,,,,,,,,,,,,,,,1387.1283333333336,,,,,,,,,,
,,,,,,,,,,,,,,,,,,,,,,,,,,,,,,,,
,,,,,,,,,開線,,,,,,,,,,,,,30,,,,,,,,,,
,,,,,2/21,,A,,55E125030056,Redflex Nirvana carrier board/HALO,55-66035-035E,A3,3/11,3/7,46,,47,53,100,76.66666666666667,40,116.66666666666667,2025-03-10 00:00:00,,,,Winnie,1,2025-02-12 00:00:00,,,
,,,,,1/23,,A,,55E124050423,DB-P6304,55-37630-001E,A1,3/11,2/19,24,,21,25,46,18.4,80,98.4,2025-03-10 00:00:00,,,,Raymond,4,2025-01-23 00:00:00,,,DEV-0053418
,,,,,,,A,,55E125010123,Seatex ISP2020 I/O Board,55-79207-001E,A2,3/11,3/3,120,,5,5,10,20,60,85,2025-03-10 00:00:00,,,,Winnie,8,2025-02-04 00:00:00,,重要工單,
,,,,,,,A,,55E125030092,Express-CF-i7-8850H/mDP/ETC,55-72601-010E,A1,3/11,3/4,34,,45,38,83,47.03333333333333,60,107.03333333333333,2025-03-10 00:00:00,,,,Clare,2,2025-02-05 00:00:00,,,
,,,,,,,A,,55E124120092,Robotics Plus NAV Peripheral board,55-E0060-000E,A1,3/11,3/7,10,,0,5,5,0.8333333333333334,60,85,2025-03-10 00:00:00,,,,Evelyn,4,2025-01-14 00:00:00,,,
,,,,,3/10,,A,,59N125020054,UNP ND-6013,59-21003-0090,C5,3/11,2/7,30,,13.33,13.33,26.66,13.33,60,85,2025-03-10 00:00:00,,,,,3,2025-01-07 00:00:00,,,
,,,,,2/21,,A,,55N125030133,M9019-66520,55-63622-0070,A5,3/12,3/9,60,,48,38,86,86,40,126,2025-03-10 00:00:00,,,,,1,2025-01-15 00:00:00,,重要工單,
,,,,,2/21,,A,,55N125030035,PXI Type-6 CB mark II,55-31126-0020,A1,3/13,2/27,48,,20.4,22.8,43.2,34.56000000000001,60,94.56,2025-03-10 00:00:00,,,,,2,2025-02-07 00:00:00,,,
,,,,,,,A,,55N125030036,PXI Type-6 IOB,55-31127-0010,A1,3/12,2/24,50,,9.2,5,14.2,11.833333333333334,60,85,2025-03-10 00:00:00,,,,,8,2025-02-07 00:00:00,,,
,,,,,,,A,,59N125030209,Express-DN7-C3708 w/TPM,59-72132-A080,A2,3/14,3/7,30,,37.9,35.4,73.3,36.65,60,96.65,2025-03-10 00:00:00,,,,純SMT,2,2025-02-04 00:00:00,,,
,,,,,,,A,,59N125020181,Express-DN7-C3708/4G/64G/CYMER,59-72132-1330,A2,3/14,3/6,52,,37,38,75,65,60,125,2025-03-10 00:00:00,,,,純SMT,2,2025-01-24 00:00:00,,,
,,,,,,,A,,59N125020296,Express-KLE-E3-1505L v6,59-72130-6090,B2,3/14,3/7,6,,71.5,32.15,103.65,10.365000000000002,60,85,2025-03-10 00:00:00,,,,純SMT,2,2025-02-07 00:00:00,,,
,,,,,,,A,,59N125020319,Express-SL-i7-6822EQ/TPM2.0/GOMA,59-72128-1C10,B2,3/12,3/7,10,,82,36,118,19.666666666666668,60,85,2025-03-10 00:00:00,,,,純SMT,2,2025-02-07 00:00:00,,,
,,,,,2/25,,A,,59N125020409,LEC-iMX8MP-Q-4G-32G-ER,59-72512-3010,A2,3/14,3/7,6,,34,23.8,57.8,5.779999999999999,60,85,2025-03-10 00:00:00,,,,純SMT,2,2025-02-13 00:00:00,,,
,,,,,2/25,,A,,59N125030340,LEC-iMX8MP-Q-N-4G-32G-ER,59-72512-1010,A2,3/14,3/7,20,,35,25,60,20,60,85,2025-03-10 00:00:00,,,,純SMT,2,2025-02-13 00:00:00,,,
,,,,,,,,,,,,,,,,,,,,,,1474.31,,,,,,,,,,
,,,,,,,,,,,,,,,,,,,,,,,,,,,,,,,,
,,,,,,,E,,前置FAI,,,,,,,,,,,0,,0,,,,,,,,,,
,,,,,2/27,,E,,59N125020047,Express-CF-i3-8100H/ARIS,59-72131-2470,A2,3/20,3/4,194,1404,45,30,75,242.5,0,242.5,2025-03-10 00:00:00,303.125,,,純SMT(3/11上午接測),2,2025-02-10 00:00:00,,重要工單,
,,,,,,,E,,前置FAI,,,,,,,,,,,0,,0,,,,,,,,,,
,,,,,2/20,,E,,55E125020027,Aristocrat Gen10 Carrier,55-77522-002E,A2,3/18,3/7,210,1250,27.5,38.8,66.3,232.05,0,232.05,2025-03-10 00:00:00,331.50000000000006,,,Kim,1,2025-02-20 00:00:00,,重要工單,
,,,,,,,,3/10,,,,,,,,,,,Total,,,474.55,634.625,,,,,,,,,
,,,,,,,,,第4班開線,,,,,,,,,,,,,,,,,,,,,,,
,,,,,3/3,,B,,55E125040020,ADi-BA3G-CL/H420E/8MB/AGS,55-7B500-110E,A3,3/14,3/5,37,127,79.52,98.01,177.53,109.47683333333333,0,109.47683333333333,2025-03-11 00:00:00,,,,Maggie,1,2025-02-17 00:00:00,,重要工單,
,,,,,,,B,,55N124120467,NVR MB,55-65537-0020,A2,3/12,3/10,150,,71,112,183,457.5,40,497.5,2025-03-11 00:00:00,,,,,1,2025-02-14 00:00:00,,,
,,,,,,,B,,59N125040322,Capsule Axon 2 Mainboard,59-66942-0020,A2,3/17,3/10,560,,25,25,50,466.6666666666667,40,506.6666666666667,2025-03-11 00:00:00,,,,,2,2025-02-26 00:00:00,,,
,,,,,3/4,,B,,59N125030294,LEC-iMX64-C2-2G-0G-CT,59-72501-6040,A6,3/17,3/10,300,630,28.6,20,48.6,243,40,283,2025-03-11 00:00:00,,,,純SMT,2,2025-01-16 00:00:00,,,
,,,,,,,,,,,,,,,,,,,,,,1396.6435000000001,,,,,,,,,,
,,,,,,,,,,,,,,,,,,,,,,,,,,,,,,,,
,,,,,,,,,開線,,,,,,,,,,,,,30,,,,,,,,,,
,,,,,,,A,,55E125030138,LEC-EL-6425RE-16G-64G-TPM-ER/CWC,55-72513-K20E,A2,3/12,3/10,74,,61,38,99,122.1,40,162.1,2025-03-11 00:00:00,,,,"Claire,純SMT",2,2025-02-06 00:00:00,,重要工單,
,,,,,3/5,,A,,59N125040017,cExpress-TL-i7-1185G7E/eDP/TPM/ACAL,59-72218-0310,A3,3/20,3/5,150,,43,46,89,222.5,40,262.5,2025-03-11 00:00:00,,,,純SMT(3/12上午接測),2,2025-02-04 00:00:00,,,
,,,,,3/5,,A,,59N125030035,Express-SL-i7-6820EQ/TPM2.0/PXI-3982,59-72128-0830,B1,3/13,3/7,50,,70.7,29.9,100.6,83.83333333333333,60,143.83333333333331,2025-03-11 00:00:00,,,,純SMT(3/12上午接測),2,2025-02-07 00:00:00,,,
,,,,,3/5,,A,,59N125030187,Express-KL-i7-7820EQ/PXIe-3987,59-72130-0230,A1,3/14,3/6,50,,72,27.5,99.5,82.91666666666667,60,142.91666666666669,2025-03-11 00:00:00,,,,純SMT,2,2025-02-07 00:00:00,,,
,,,,,,,A,,59N125030305,MLC8 RFID Board,59-A5001-0010,A2,3/13,3/7,80,,1,1,2,2.6666666666666665,60,85,2025-03-11 00:00:00,,,,,40,2025-02-07 00:00:00,,重要工單,
,,,,,2/21,,A,,59N125030061,MLC8 Standard,59-A1025-0060,A4,3/13,3/7,30,,58.01,73.6,131.60999999999999,65.80499999999999,80,145.805,2025-03-11 00:00:00,,,,,1,2025-02-07 00:00:00,,,DEV-0052961
,,,,,,,A,,55N125050027,SEMI-MF xBP-3019A,55-33323-2030,C2,3/12,3/7,18,,16,43,59,17.7,60,85,2025-03-11 00:00:00,,,,,1,2025-02-07 00:00:00,,重要工單,
,,,,,2/21,,A,,59N125010117,Siemens ImagSys-Power Board,59-A2057-0020,A3,3/14,2/24,110,,15,18.5,33.5,61.416666666666664,40,101.41666666666666,2025-03-11 00:00:00,,,,,4,2025-02-07 00:00:00,,重要工單,
,,,,,,,A,,55N125040042,SEMI-MF 2A405-DB,55-19902-0050,A2,3/12,2/19,30,,22,25,47,23.5,60,85,2025-03-11 00:00:00,,,,,1,2025-02-07 00:00:00,,,
,,,,,,,,,,,,,,,,,,,,,,1243.571666666667,,,,,,,,,,
,,,,,,,,,,,,,,,,,,,,,,,,,,,,,,,,
,,,,,,,E,,前置FAI,,,,,,,,,,,0,,0,,,,,,,,,,
,,,,,2/20,,E,,55E125020027,Aristocrat Gen10 Carrier,55-77522-002E,A2,3/18,3/7,420,1250,27.5,38.8,66.3,464.1,0,464.1,2025-03-11 00:00:00,663.0000000000001,,,Kim,1,2025-02-20 00:00:00,,重要工單,
,,,,,,,,3/11,,,,,,,,,,,Total,,,464.1,663.0000000000001,,,,,,,,,
,,,,,3/4,,B,,59N125030294,LEC-iMX64-C2-2G-0G-CT,59-72501-6040,A6,3/17,3/10,330,630,28.6,20,48.6,267.3,0,267.3,2025-03-12 00:00:00,,,,純SMT,2,2025-01-16 00:00:00,,,
,,,,,,,B,,55N125030313,NVR MB w/o PoE ports,55-65537-0120,A2,3/13,3/11,150,,75,115,190,475,40,515,2025-03-12 00:00:00,,,,,1,2025-02-14 00:00:00,,,
,,,,,,,B,,55N125030204,ROScube-X 590 MB with extension box,55-R1002-1010,A1,3/14,3/7,18,,41,63.6,104.6,31.38,60,91.38,2025-03-12 00:00:00,,,,特採通知2pcs板卡移除3個DIP物料，入庫RY05,1,2025-02-10 00:00:00,,重要工單,DEV-0053697
,,,,,,,B,,59N125020364,Express-SL-i7-6822EQ,59-72128-10A0,B2,3/18,3/11,98,,42.7,21.6,64.30000000000001,105.02333333333335,40,145.02333333333337,2025-03-12 00:00:00,,,,純SMT(71-06822-00Z0軟Tray烘烤7天),2,2025-02-25 00:00:00,,,
,,,,,3/4,,B,,59N125030480,Express-IBR-i7-3517UE/Td,59-72121-A680,A3,3/14,3/11,190,,46,35,81,256.5,40,296.5,2025-03-12 00:00:00,,,,"純SMT,76-00185-50Z0跳票",2,2025-02-05 00:00:00,,,
,,,,,,,,,,,,,,,,,,,,,,1315.2033333333334,,,,,,,,,,
,,,,,,,,,,,,,,,,,,,,,,,,,,,,,,,,
,,,,,,,,,開線、收線,,,,,,,,,,,,,60,,,,,,,,,,
,,,,,,,,,夜班支援DIP,,,,,,,,,,,,,720,,,,,,,,,,
,,,,,,,A,,55E125040049,PCIex16 riser card,55-A3049-001E,A2,3/13,3/10,100,,20,20,40,66.66666666666667,40,106.66666666666667,2025-03-12 00:00:00,,,,Winnie,2,2025-02-04 00:00:00,,重要工單,
,,,,,,,A,,59N125010495,CM4-SL2-6102E-8G-0G-Mercury,59-48105-0350,A2,3/14,3/10,5,,68.6,54.8,123.39999999999999,10.283333333333333,60,85,2025-03-12 00:00:00,,,,,1,2025-02-04 00:00:00,,,
,,,,,1/24,,A,,55N125030269,M9019-66520,55-63622-0070,A5,3/14,3/10,40,,48,38,86,57.333333333333336,40,97.33333333333334,2025-03-12 00:00:00,,,,,1,2025-01-15 00:00:00,,重要工單,
,,,,,,,A,,59N125040114,Popeye USB3 Type-C,59-63020-0010,A2,3/14,3/10,9,,38,13.3,51.3,7.694999999999999,60,85,2025-03-12 00:00:00,,,,,3,2025-02-07 00:00:00,,重要工單,
,,,,,,,A,,55N125040112,ROScube-X 59 Orin adapter board,55-R1003-0010,A2,3/14,3/7,6,,25,25,50,5,60,85,2025-03-12 00:00:00,,,,,2,2025-02-10 00:00:00,,重要工單,
,,,,,,,A,,55N125030205,ROScube-X 59 Orin GMSL2 board,55-R1003-1010,A2,3/14,3/7,34,,40,66.4,106.4,60.29333333333334,60,120.29333333333334,2025-03-12 00:00:00,,,,,2,2025-02-10 00:00:00,,重要工單,
,,,,,,,,,,,,,,,,,,,,,,1359.2933333333333,,,,,,,,,,
,,,,,,,,,,,,,,,,,,,,,,,,,,,,,,,,
,,,,,,,E,,前置FAI,,,,,,,,,,,0,,0,,,,,,,,,,
,,,,,2/20,,E,,55E125020027,Aristocrat Gen10 Carrier,55-77522-002E,A2,3/18,3/7,420,1250,27.5,38.8,66.3,464.1,0,464.1,2025-03-12 00:00:00,663.0000000000001,,,Kim,1,2025-02-20 00:00:00,,重要工單,
,,,,,,,,3/12,,,,,,,,,,,Total,,,464.1,663.0000000000001,,,,,,,,,
,,,,,,,,,第4班開線,,,,,,,,,,,,,,,,,,,,,,,
,,,,,3/12,,B,,59N125010093,EGX-MXM-RTX5000/Adlink logo,59-7C002-0010,A2,3/14,2/11,44,,63.2,30,93.2,68.34666666666666,60,128.34666666666666,,,,,純SMT,2,2024-12-31 00:00:00,,重要工單,
,,,,,,,B,,55E125040063,"SP2-IMX8-Q, 4GB, 32GB, 12V, WT-A1",55-A1033-210E,A2,3/14,3/10,20,,30,38,68,22.666666666666668,60,85,2025-03-13 00:00:00,,,,Agnes,2,2025-03-07 00:00:00,,,
,,,,,2/20,,B,,59N125030145,Triton S1 HRX,59-A2053-0010,A3,3/17,3/11,24,,38,60,98,39.2,60,99.2,2025-03-13 00:00:00,,,,,1,2025-02-07 00:00:00,,,
,,,,,2/25,,B,,59N125020416,Express-RLP-i7-1370PE,59-72139-N010,A1,3/18,3/12,126,,55,61,116,243.6,40,283.6,2025-03-13 00:00:00,,,,純SMT,2,2025-02-11 00:00:00,,,
,,,,,,,B,,55N125030314,NVR MB w/o PoE ports,55-65537-0120,A2,3/14,3/10,150,,75,115,190,475,40,515,2025-03-13 00:00:00,,,,,1,2025-02-20 00:00:00,,,
,,,,,3/4,,B,,59N125020240,Express-IBR-i7-3517UE/Td,59-72121-A680,A3,3/17,3/10,199,,46,35,81,268.65,40,308.65,2025-03-13 00:00:00,,,,純SMT,2,2025-02-04 00:00:00,,,
,,,,,,,,,,,,,,,,,,,,,,1419.7966666666666,,,,,,,,,,
,,,,,,,,,,,,,,,,,,,,,,,,,,,,,,,,
,,,,,,,,,開線、收線,,,,,,,,,,,,,60,,,,,,,,,,
,,,,,2/20,●,A,,55E125010351,ADi-BROM-AD-Everi,55-67202-001E,A2,3/17,3/10,50,,15,20,35,29.166666666666668,90,140,2025-03-13 00:00:00,,,,Maggie,10,2025-02-18 00:00:00,,,DEV-0053666、DEV-0053586(合併55E125020278+55E125010351)
,,,,,,●,A,,55E125020092,ECAR-OLY-MS,55-77526-000E,A1,3/18,3/12,28,,32,36.3,68.3,31.87333333333333,90,140,2025-03-13 00:00:00,,,,Clare,1,2025-02-26 00:00:00,,,DEV-0053583
,,,,,2/21,,A,,55E125010300,Aristocrat Gen10 Backplane,55-79030-004E,A3,3/15,2/21,60,,0,18,18,18,40,85,2025-03-13 00:00:00,,,,Kim,1,2025-01-07 00:00:00,,,
,,,,,2/25,,A,,55E125030208,PWP-301-110V with ignition,55-65625-041E,A4,3/15,3/12,10,,30,22,52,8.666666666666666,60,85,2025-03-13 00:00:00,,,,Ivy,1,2025-02-20 00:00:00,,,
,,,,,3/3,,A,,59N125040323,Capsule Axon 2 Mainboard,59-66942-0020,A2,3/17,3/7,160,,25,25,50,133.33333333333334,40,173.33333333333334,2025-03-13 00:00:00,,,,,2,2025-02-26 00:00:00,,,
,,,,,3/3,,A,,59N125040324,Capsule Axon 2 Mainboard 1-Serial,59-66942-1020,A2,3/18,3/7,260,,25,25,50,216.66666666666666,40,256.66666666666663,2025-03-13 00:00:00,,,,,2,2025-02-26 00:00:00,,,
,,,,,3/10,,A,,59N125010358,PWP-301-110Vin no IGN with 24Vout,59-65625-0310,A3,3/17,3/12,24,,20,20,40,16,60,85,2025-03-13 00:00:00,,,,,1,2025-01-16 00:00:00,,,
,,,,,,,A,,59N124120313,SCB-02,59-65636-0020,A1,3/17,3/12,32,,21,0,21,11.2,60,85,2025-03-13 00:00:00,,,,,2,2025-03-10 00:00:00,,,
,,,,,,,A,,59N125030370,cExpress-TL-i5-1145G7E,59-72218-1050,A3,3/17,3/5,6,,45.9,45.1,91,9.1,60,85,2025-03-13 00:00:00,,,,純SMT,2,2025-02-26 00:00:00,,,
,,,,,2/25,,A,,59N125030273,MXM-A500-4G-40W,59-7C006-1120,1A1,3/17,3/12,62,,23,25,48,49.6,40,89.6,2025-03-13 00:00:00,,,,純SMT,2,2025-02-18 00:00:00,,重要工單,
,,,,,2/21,,A,,59N125030324,MLC8 Touch Function Key,59-A3034-0020,A4,3/17,3/12,160,,11.6,8.9,20.5,54.666666666666664,40,94.66666666666666,2025-03-13 00:00:00,,,,純SMT,5,2025-01-16 00:00:00,,重要工單,
,,,,,,,,,,,,,,,,,,,,,,1379.2666666666667,,,,,,,,,,
,,,,,,,,,,,,,,,,,,,,,,,,,,,,,,,,
,,,,,,,E,,前置FAI,,,,,,,,,,,0,,0,,,,,,,,,,
,,,,,2/20,,E,,55E125020027,Aristocrat Gen10 Carrier,55-77522-002E,A2,3/18,3/7,200,1250,27.5,38.8,66.3,221,0,221,2025-03-13 00:00:00,315.7142857142857,,,Kim,1,2025-02-20 00:00:00,,重要工單,
,,,,,,,E,,前置FAI,,,,,,,,,,,0,,0,,,,,,,,,,
,,,,,2/20,,E,,59N125020459,Express-CF-i3-8100H/ARIS,59-72131-2470,A2,3/31,3/12,220,1196,45,30,75,275,0,275,2025-03-13 00:00:00,343.75,,,純SMT(3/14上午接測),2,2025-02-10 00:00:00,,,
,,,,,,,,3/13,,,,,,,,,,,Total,,,496,659.4642857142858,,,,,,,,,
,,,,,,,B,,55N125040008,NVR MB w/o PoE ports,55-65537-0120,A2,3/17,3/13,150,,75,115,190,475,40,515,2025-03-14 00:00:00,,,,,1,2025-02-20 00:00:00,,,
,,,,,2/5,,B,,55N125010438,cPCI-A3525KR/8400H,55-65320-2020,A1,3/17,2/24,198,,58.6,43.2,101.80000000000001,335.94,40,375.94,2025-03-14 00:00:00,,,,,2,2025-01-21 00:00:00,,,
,,,,,,,B,,59N125030218,LEC-AL-E3940-8G-ER/IVN5,59-72506-5320,B2,3/21,3/13,202,,45,30,75,252.5,40,292.5,2025-03-14 00:00:00,,,,純SMT,2,2025-02-20 00:00:00,,重要工單,
,,,,,,,B,,59N125040108,Express-CFR-E-2276ME/TPM2.0/CWC,59-72135-3320,A1,3/18,3/11,130,,48.7,40.2,88.9,192.61666666666667,40,232.61666666666667,2025-03-14 00:00:00,,,,純SMT,2,2025-02-18 00:00:00,,重要工單,
,,,,,,,,,,,,,,,,,,,,,,1416.0566666666668,,,,,,,,,,
,,,,,,,,,,,,,,,,,,,,,,,,,,,,,,,,
,,,,,,,,,收線,,,,,,,,,,,,,30,,,,,,,,,,
,,,,,,,,,夜班支援DIP,,,,,,,,,,,,,720,,,,,,,,,,
,,,,,2/20,●,A,,55E125010267,ADi-BPA3-AD-Everi,55-67201-001E,A2,3/18,3/10,40,,0,25,25,16.666666666666668,90,140,2025-03-14 00:00:00,,,,Maggie,1,2025-02-18 00:00:00,,重要工單,DEV-0053585
,,,,,,,A,,55E125030004,cExpress-KL-i7-7600U/TPM2.0/US,55-72215-050E,B1,3/17,3/10,10,,58.27,24.16,82.43,13.738333333333335,60,85,2025-03-14 00:00:00,,,,"Cindy,純SMT",2,2025-02-05 00:00:00,,,
,,,,,,,A,,55E125030191,COM-HPC-ALT-w/o 10G PHY,55-73102-1050,1A2,3/17,3/10,6,,91,82,173,17.3,60,85,2025-03-14 00:00:00,,,,Clare,1,2025-02-13 00:00:00,,,
,,,,,,,A,,59N125030227,DB-3SSDSM,59-37581-5010,A3,3/18,3/12,52,,8,8,16,13.866666666666667,60,85,2025-03-14 00:00:00,,,,,5,2025-02-04 00:00:00,,,
,,,,,,,A,,59N125040085,M9048B,59-18903-9060,A4,3/18,3/13,50,,20,20,40,33.333333333333336,60,93.33333333333334,2025-03-14 00:00:00,,,,,2,2025-02-06 00:00:00,,重要工單,
,,,,,,,,,,,,,,,,,,,,,,1238.3333333333333,,,,,,,,,,
,,,,,,,,,,,,,,,,,,,,,,,,,,,,,,,,
,,,,,,,E,,前置FAI,,,,,,,,,,,0,,0,,,,,,,,,,
,,,,,2/20,,E,,59N125020459,Express-CF-i3-8100H/ARIS,59-72131-2470,A2,3/31,3/12,420,1196,45,30,75,525,0,525,2025-03-14 00:00:00,656.25,,,純SMT(3/15上午接測),2,2025-02-10 00:00:00,,,
,,,,,,,,3/14,,,,,,,,,,,Total,,,525,656.25,,,,,,,,,
,,,,,,,,,夜班開線8小時,,,,,,,,,,,,,240,,,,,,,,,,
,,,,,,,,,收線,,,,,,,,,,,,,30,,,,,,,,,,
,,,,,,,B,,55E125010301,Aristocrat Gen10 Backplane,55-79030-004E,A3,3/18,2/21,200,,0,18,18,60,40,100,2025-03-15 00:00:00,,,,Kim,1,2025-01-07 00:00:00,,,
,,,,,2/24,,B,,55E125030085,t1nanoX-EL-x6414RE-8G-32G/EMD,55-72307-S00E,A1,3/17,3/10,44,,55,30,85,62.333333333333336,60,122.33333333333334,2025-03-15 00:00:00,,,,"Jessie,純SMT",2,2025-02-05 00:00:00,,,
,,,,,,,B,,55N124120377,Seatex ISP2020 Carrier Board,55-77515-0010,A2,3/17,3/14,60,,95,101,196,196,40,236,2025-03-15 00:00:00,,,,,1,2025-02-04 00:00:00,,重要工單,
,,,,,2/11,,B,,59N125020378,LEC-iMX8MM-Q-2G-32G-ER/TA,59-72517-1510,A1,3/21,3/14,370,,41.9,32.4,74.3,458.18333333333334,40,498.18333333333334,2025-03-15 00:00:00,,,,純SMT(3/17上午接測),2,2025-01-24 00:00:00,,,
,,,,,2/24,,B,,59N125050028,MLC8 Light Bar Board,59-A3036-0010,A3,3/19,3/11,98,,15.2,7.5,22.7,37.07666666666667,60,97.07666666666667,2025-03-15 00:00:00,,,,純SMT,7,2025-02-24 00:00:00,,重要工單,
,,,,,,,,,,,,,,,,,,,,,,1323.5933333333332,,,,,,,,,,
,,,,,,,,,,,,,,,,,,,,,,,,,,,,,,,,
,,,,,,,,,夜班開線8小時,,,,,,,,,,,,,240,,,,,,,,,,
,,,,,,,,,開線、收線,,,,,,,,,,,,,60,,,,,,,,,,
,,,,,2/20,,A,,59N125010313,MXM-RTX3000/Getec,59-7C001-D020,1A2,3/18,3/11,84,,53,27.3,80.3,112.42,40,152.42000000000002,2025-03-15 00:00:00,,,,純SMT,2,2024-12-31 00:00:00,,重要工單,
,,,,,,,A,,55E125010251,cPCI-A3535KR/11850HE,55-31130-400E,A2,3/17,3/14,100,,55,50,105,175,40,215,2025-03-15 00:00:00,,,,Candace,2,2025-02-05 00:00:00,,,
,,,,,2/21,,A,,55E125030219,LEC-ASL-x7211RE-4G-32G-ER,55-72519-X02E,A2,3/17,3/13,40,,60,35.8,95.8,63.86666666666667,40,103.86666666666667,2025-03-15 00:00:00,,,,"Claire,純SMT 
(物料60-72519-F020上件前 , 先交付PE-Jack確認)",2,2025-02-20 00:00:00,,重要工單,
,,,,,,,A,,59N124120156,Triton TUI Scaler Board w/CAP protect,59-A2054-0010,A3,3/18,3/5,6,,13.5,24.5,38,3.8,60,85,2025-03-15 00:00:00,,,,,3,2025-02-17 00:00:00,,,
,,,,,,,A,,59N125030128,PB-2785,59-38211-0020,A2,3/19,2/24,50,,0,40,40,33.333333333333336,60,93.33333333333334,2025-03-15 00:00:00,,,,,2,2025-02-07 00:00:00,,重要工單,
,,,,,,,A,,59N125030232,Express-BASE6 R3.1,59-77107-0020,A2,3/18,3/14,6,,20,95,115,11.5,60,85,2025-03-15 00:00:00,,,,,1,2025-02-20 00:00:00,,,
,,,,,3/5,,A,,59N125040354,EGX-MXM-A2000-8G-60W/Adlink logo,59-7C005-4030,A2,3/19,3/11,52,,35,33,68,58.93333333333333,60,118.93333333333334,2025-03-15 00:00:00,,,,純SMT,2,2025-03-05 00:00:00,,重要工單,
,,,,,,,A,,59N125010507,ETX-BT-E3827-NO AUDIO,59-71116-C040,B4,3/18,3/13,6,,52.26,34.38,86.64,8.664,60,85,2025-03-15 00:00:00,,,,純SMT,2,2025-02-13 00:00:00,,,
,,,,,,,A,,59N125020371,cExpress-MTL-135U,59-72221-2010,A1,3/19,3/14,6,,55,52,107,10.7,60,85,2025-03-15 00:00:00,,,,純SMT,2,2025-02-13 00:00:00,,,
,,,,,,,,,,,,,,,,,,,,,,1323.5533333333335,,,,,,,,,,
,,,,,,,,,,,,,,,,,,,,,,,,,,,,,,,,
,,,,,,,E,,,,,,,,,,,,,0,,0,,,,,,,,,,
,,,,,,,E,,,,,,,,,,,,,0,,0,,,,,,,,,,
,,,,,,,,3/15,,,,,,,,,,,Total,,,0,0,,,,,,,,,
,,,,,第二週排程,,,,,,,,,,生產數量,,,,,,,,,,,,,,,,,
,,,,,,,,,,,,,,,,,,,,,,3970.7000000000007,,,,,,,,,,
,,,,,修改,First,線別,VIP,製令單號,品名,品號,版次,預計完工日,料齊日,實際生產,MO數量,反面,正面,SMT C.T(sec.),生產工時(min),換線工時(min),總工時(min),上線日,,上線時間,結束時間,備註,IE專用,,,,
,,,,,,,,,開線,,,,,,,,,,,,,30,,,,,,,,,,
,,,,,3/12,,B,,59N125040071,M9019-66501,59-63515-0080,A2,3/19,3/10,50,,0,42,42,35,60,95,2025-03-17 00:00:00,,,,DIP當天下午作業,2,2025-02-11 00:00:00,,重要工單,
,,,,,3/11,,B,,59N125030382,Express-TL-i7-11850HE,59-72138-2070,A3,3/21,3/11,20,,51.4,58.6,110,36.666666666666664,60,96.66666666666666,2025-03-17 00:00:00,,,,純SMT(3/18上午接測),2,2025-03-10 00:00:00,,,DEV-0053470
,,,,,,,B,,59N125030082,UNP CM1-86DX3,59-48012-00C0,A5,3/20,3/12,128,,20,20,40,85.33333333333333,40,125.33333333333333,2025-03-17 00:00:00,,,,,2,2025-02-04 00:00:00,,,
,,,,,,,B,,59N125010174,xeBP-2785,59-38210-0050,A5,3/21,3/7,70,,61.3,44.2,105.5,123.08333333333333,40,163.08333333333331,2025-03-17 00:00:00,,,,,1,2025-02-11 00:00:00,,重要工單,
,,,,,3/10,,B,,59N125040025,Capsule Axon 2 Serial Daughterboard,59-66876-0010,A2,3/21,3/5,162,,10,11,21,56.7,40,96.7,2025-03-17 00:00:00,,,,,3,2025-02-26 00:00:00,,重要工單,
,,,,,2/25,,B,,59N125020358,DB-3SSD/iSLC/B/NTPM/40G,59-37616-1110,A2,3/21,3/13,300,,3.3,8.8,12.100000000000001,60.50000000000001,60,120.5,2025-03-17 00:00:00,,,,,12,2025-02-11 00:00:00,,,
,,,,,,,B,,59N125020492,MLC-S ADL MB,59-A1032-0020,A1,3/24,3/14,102,,73,68,141,239.7,40,279.7,2025-03-17 00:00:00,,,,,1,2025-02-24 00:00:00,,重要工單,
,,,,,,,B,,55N125030467,cPCI-3620/E3845/M4G/NM,55-31122-1620,A4,3/18,3/10,52,,46,39,85,73.66666666666667,60,133.66666666666669,2025-03-17 00:00:00,,,,,2,2025-03-11 00:00:00,,,
,,,,,3/11,,B,,59N124110209,"SP2-IMX8-Q, 2GB, 32GB, 12V, CT1",59-A1033-0020,A2,3/19,3/6,28,,26,36,62,28.933333333333334,60,88.93333333333334,2025-03-17 00:00:00,,,,,2,2025-01-16 00:00:00,,,
,,,,,3/11,,B,,59N125020456,t1Express-RLP-i7-13800HRE,59-72139-Q010,A1,3/19,3/14,8,,55,61,116,15.466666666666667,60,85,2025-03-17 00:00:00,,,,純SMT,2,2025-03-11 00:00:00,,,
,,,,,3/11,,B,,55N125030187,PXIe Type-6 Gen3 CB,55-38008-0030,A1,3/19,3/11,59,,40,39,79,77.68333333333334,40,117.68333333333334,2025-03-17 00:00:00,,,,,1,2025-02-07 00:00:00,,,
,,,,,,,,,,,,,,,,,,,,,,1432.2666666666669,,,,,,,,,,
,,,,,,,,,,,,,,,,,,,,,,,,,,,,,,,,
,,,,,,,,,開線、收線,,,,,,,,,,,,,60,,,,,,,,,,
,,,,,,,,,夜班支援DIP,,,,,,,,,,,,,720,,,,,,,,,,
,,,,,2/25,,A,,55E124060315,COM-HPC-mMTL-155H-Ultra7-28W-32G,55-73600-201E,A1,3/18,3/14,6,,60,48,108,10.8,80,90.8,2025-03-17 00:00:00,,,,"Clare,純SMT",2,2025-02-05 00:00:00,,,DEV-0053687
,,,,,3/12,,A,,55E125040103,COM-HPC-ALT-w/o 10G PHY,55-73102-1050,1A2,3/20,2/7,10,,91,82,173,28.833333333333332,60,88.83333333333333,2025-03-17 00:00:00,,,,Clare,1,2025-02-17 00:00:00,,,
,,,,,3/12,,A,,55E125010302,Aristocrat Gen10 Backplane,55-79030-004E,A3,3/20,2/21,300,,0,18,18,90,40,130,2025-03-17 00:00:00,,,,Kim,1,2025-01-07 00:00:00,,,
,,,,,3/12,,A,,55N125020359,SEMI-MF DB-3620L2,55-37583-0030,A3,3/19,3/12,100,,8.5,24.7,33.2,55.33333333333334,40,95.33333333333334,2025-03-17 00:00:00,,,,,2,2025-02-07 00:00:00,,重要工單,
,,,,,3/10,,A,,55N125040067,SDAQ-210 Series CB,55-19700-5010,A4,3/19,2/21,60,,24.96,27.66,52.620000000000005,52.620000000000005,40,92.62,2025-03-17 00:00:00,,,,,2,2025-02-07 00:00:00,,,
,,,,,,,,,,,,,,,,,,,,,,1363.0866666666666,,,,,,,,,,
,,,,,,,,,,,,,,,,,,,,,,,,,,,,,,,,
,,,,,,,E,,前置FAI,,,,,,,,,,,0,,0,,,,,,,,,,
,,,,,2/20,,E,,59N125020459,Express-CF-i3-8100H/ARIS,59-72131-2470,A2,3/31,3/12,420,1196,45,30,75,525,0,525,2025-03-17 00:00:00,656.25,,,純SMT(3/17上午接測),2,2025-02-10 00:00:00,,,
,,,,,,,,3/17,,,,,,,,,,,Total,,,525,656.25,,,,,,,,,
,,,,,,,,,第4班開線,,,,,,,,,,,,,,,,,,,,,,,
,,,,,3/11,,B,,55E125030145,MLC-S ADL MB Dual BIOS,55-A1032-100E,A2,3/20,3/11,40,,73,68,141,94,60,154,2025-03-18 00:00:00,,,,Lillian,1,2025-02-17 00:00:00,,重要工單,DEV-0053425
,,,,,3/11,,B,,55N125020111,MLC-M full I/O board,55-A2048-1010,A4,3/20,2/26,92,,20,20,40,61.333333333333336,40,101.33333333333334,2025-03-18 00:00:00,,,,,2,2025-01-16 00:00:00,,重要工單,
,,,,,3/11,,B,,59N125010020,DLAP-211 CB NX/Nano without AFM,59-77B05-0060,A2,3/20,3/13,70,,30,33,63,73.5,40,113.5,2025-03-18 00:00:00,,,,,2,2025-02-07 00:00:00,,重要工單,
,,,,,3/11,,B,,59N125030468,MXM-RTX3000/Getec,59-7C001-D020,1A2,3/20,3/17,88,,53,27.3,80.3,117.77333333333333,40,157.7733333333333,2025-03-18 00:00:00,,,,純SMT,2,2025-02-20 00:00:00,,重要工單,
,,,,,2/21,,B,,55N125040004,CM4-SL2-WiTronix,55-48106-0070,A2,3/19,3/17,129,,58.2,52,110.2,236.93,40,276.93,2025-03-18 00:00:00,,,,,1,2025-02-21 00:00:00,,,
,,,,,2/21,,B,,59N125030296,LEC-iMX64-C2-2G-0G-CT,59-72501-6040,A6,3/21,3/10,630,,28.6,20,48.6,510.3,40,550.3,2025-03-18 00:00:00,,,,純SMT,2,2025-01-16 00:00:00,,,
,,,,,,,,,,,,,,,,,,,,,,1353.8366666666666,,,,,,,,,,
,,,,,,,,,,,,,,,,,,,,,,,,,,,,,,,,
,,,,,,,,,開線,,,,,,,,,,,,,30,,,,,,,,,,
,,,,,3/17,,A,,55E125030095,cExpress-MTL-135H/OLY,55-72221-520E,A1,3/19,3/10,6,,60,60,120,12,60,85,2025-03-17 00:00:00,,,,"Cindy,純SMT",2,2025-02-05 00:00:00,,,
,,,,,2/21,,A,,55E125010268,ADi-BA3G-AD-Everi,55-67302-001E,A1,3/20,3/17,30,,66,92,158,79,60,139,2025-03-18 00:00:00,,,,Maggie,1,2025-02-18 00:00:00,,重要工單,DEV-0053308
,,,,,2/21,,A,,59N125030183,UNP PB-2780,59-38204-0050,A3,3/20,3/5,30,,15,20,35,17.5,60,85,2025-03-18 00:00:00,,,,,2,2025-02-07 00:00:00,,,
,,,,,3/13,,A,,59N125030487,CM1-86DX3-2G-STANLEY,59-48012-10B0,A5,3/20,3/17,34,,28,26,54,30.6,60,90.6,2025-03-18 00:00:00,,,,,2,2025-03-11 00:00:00,,,
,,,,,2/21,,A,,55N125030091,SEMI-MF 8A565-PXI,55-36951-0050,A2,3/19,2/17,30,,40,40,80,40,40,85,2025-03-18 00:00:00,,,,,1,2025-01-09 00:00:00,,,
,,,,,,,A,,59N125030523,Express-DN7-C3708/4G/64G/CYMER,59-72132-1330,A2,3/20,3/17,48,,37,38,75,60,60,120,2025-03-18 00:00:00,,,,純SMT,2,2025-03-14 00:00:00,,,
,,,,,3/11,,A,,59N125030076,EGX-MXM-A4500-16GB-80W/Adlink logo,59-7C004-2020,A2,3/20,3/17,30,,50,30,80,40,60,85,2025-03-18 00:00:00,,,,純SMT,2,2025-02-20 00:00:00,,,
,,,,,2/21,,A,,59N125040043,Express-CF-i3-8100H/Atoll,59-72131-2250,A2,3/20,3/3,20,,53,35,88,29.333333333333332,60,89.33333333333333,2025-03-18 00:00:00,,,,純SMT,2,2025-02-07 00:00:00,,重要工單,
,,,,,3/11,,A,,59N125030161,EGX-MXM-A1000-4G-60W/Adlink logo,59-7C005-1010,A2,3/20,3/10,24,,25,27,52,20.8,60,85,2025-03-18 00:00:00,,,,純SMT,2,2025-02-20 00:00:00,,重要工單,
,,,,,2/21,,A,,59N124120175,EGX-MXM-RTX3000/Adlink logo,59-7C001-0030,A2,3/21,1/15,30,,72,33,105,52.5,60,112.5,2025-03-18 00:00:00,,,,純SMT,2,2024-12-12 00:00:00,,重要工單,
,,,,,,,,,,,,,,,,,,,,,,1006.4333333333334,,,,,,,,,,
,,,,,,,,,,,,,,,,,,,,,,,,,,,,,,,,
,,,,,,,E,,前置FAI,,,,,,,,,,,0,,0,,,,,,,,,,
,,,,,2/20,,E,,59N125020459,Express-CF-i3-8100H/ARIS,59-72131-2470,A2,3/31,3/12,136,1196,45,30,75,170,0,170,2025-03-18 00:00:00,212.5,,,純SMT(3/18上午接測),2,2025-02-10 00:00:00,,,
,,,,,,,E,,前置FAI,,,,,,,,,,,0,,0,,,,,,,,,,
,,,,,,,E,,55N125030415,Aristocrat Gen10 Config stick,55-79028-0010,A1,3/28,3/10,1000,,8,7,15,192,0,192,2025-03-18 00:00:00,274.2857142857143,,,純SMT,8,2025-02-21 00:00:00,,,
,,,,,,,,3/18,,,,,,,,,,,Total,,,362,486.7857142857143,,,,,,,,,
,,,,,,,,,第4班開線,,,,,,,,,,,,,,,,,,,,,,,
,,,,,,,B,,55E125020366,EGX-MXM-T1000/IGT,55-7C003-F03E,A2,3/20,3/17,200,,41,32,73,243.33333333333334,40,283.33333333333337,2025-03-19 00:00:00,,,,"Rory,純SMT",2,2025-03-12 00:00:00,,,
,,,,,2/21,,B,,59N125040008,NVR LED board,59-65A71-0010,A1,3/25,3/11,350,,7,8.5,15.5,90.41666666666667,40,130.41666666666669,2025-03-19 00:00:00,,,,,5,2025-02-17 00:00:00,,,
,,,,,3/11,,B,,59N125020470,NVR LED board,59-65A71-0010,A1,3/26,3/11,300,,7,8.5,15.5,77.5,0,77.5,2025-03-19 00:00:00,,,,,5,2025-02-17 00:00:00,,,
,,,,,3/10,,B,,59N125030378,ETX-BT-E3815-NO AUDIO,59-71116-E040,B4,3/26,3/18,110,,52.26,43,95.25999999999999,174.64333333333332,40,214.64333333333332,2025-03-19 00:00:00,,,,純SMT(3/20上午接測),2,2025-02-26 00:00:00,,,
,,,,,2/21,,B,,59N125020419,LEC-EL-6211E-4G-32G-ER/Sigmatek,59-72513-1220,A2,3/28,3/10,400,,61,38,99,660,40,700,2025-03-19 00:00:00,,,,純SMT,2,2025-02-07 00:00:00,,,
,,,,,,,,,,,,,,,,,,,,,,1405.8933333333334,,,,,,,,,,
,,,,,,,,,,,,,,,,,,,,,,,,,,,,,,,,
,,,,,3/10,●,A,,55E125020155,OLY-IF Test Board,55-79430-000E,A1,3/24,3/13,18,,40,40,80,24,90,140,2025-03-19 00:00:00,,,,Clare,6,2025-02-26 00:00:00,,,DEV-0053636
,,,,,,,A,,55E125020222,AG10 Tester adapter board 494517,55-96273-000E,A1,3/21,2/21,100,,0,40,40,66.66666666666667,40,106.66666666666667,2025-03-19 00:00:00,,,,Cindy,3,2025-02-05 00:00:00,,,
,,,,,,,A,,55E125040047,Express-CF-i7-8850H/mDP/ETC,55-72601-010E,A1,3/20,3/18,60,,45,38,83,83,40,123,2025-03-19 00:00:00,,,,Clare,2,2025-02-13 00:00:00,,,
,,,,,,,A,,59N125040138,PCM-7230+,59-12304-0030,A1,3/21,3/17,16,,0,20,20,5.333333333333333,60,85,2025-03-19 00:00:00,,,,,2,2025-02-07 00:00:00,,重要工單,
,,,,,,,A,,59N125050027,UNP PB-2719A,59-37569-0020,A1,3/21,3/18,16,,12.96,0,12.96,3.4560000000000004,60,85,2025-03-19 00:00:00,,,,,2,2025-02-07 00:00:00,,重要工單,
,,,,,,,A,,59N125050243,M9049A,59-63304-0040,A3,3/21,3/18,24,,20,20,40,16,60,85,2025-03-19 00:00:00,,,,,2,2025-03-11 00:00:00,,,
,,,,,,,A,,55N125040111,ROScube-X 590 MB w/o extension box,55-R1002-0010,A1,3/20,3/17,5,,41,63.6,104.6,8.716666666666667,60,85,2025-03-19 00:00:00,,,,,1,2025-02-07 00:00:00,,重要工單,
,,,,,,,A,,59N125030157,DLAP-411 CB for NVIDIA Jetson AGX Orin,59-77B07-1020,A1,3/21,3/18,16,,38,62,100,26.666666666666668,60,86.66666666666667,2025-03-19 00:00:00,,,,,1,2025-02-07 00:00:00,,重要工單,
,,,,,3/10,,A,,59N125030438,Capsule Axon 2 Mainboard,59-66942-0020,A2,3/25,3/7,160,,25,25,50,133.33333333333334,40,173.33333333333334,2025-03-19 00:00:00,,,,,2,2025-02-26 00:00:00,,,
,,,,,,,A,,55N125030283,cPCI-3520/9850HL/M16G,55-31128-0340,A2,3/21,3/18,10,,70,60,130,21.666666666666668,60,85,2025-03-19 00:00:00,,,,,2,2025-02-22 00:00:00,,,
,,,,,,,A,,55N125040057,cPCI-6540V/9850HL/M16G,55-31426-1070,A2,3/21,3/18,5,,108,66,174,14.5,60,85,2025-03-19 00:00:00,,,,,1,2025-02-22 00:00:00,,,
,,,,,,,A,,59N124120257,EGX-MXM-A4500-16GB-115W/Adlink logo,59-7C004-3020,A2,3/24,3/18,50,,47,25,72,60,60,120,2025-03-19 00:00:00,,,,純SMT,2,2025-02-17 00:00:00,,重要工單,
,,,,,2/21,,A,,59N125020356,MLC8 Touch Function Key,59-A3034-0020,A4,3/25,3/18,250,,11.6,8.9,20.5,85.41666666666667,40,125.41666666666667,2025-03-19 00:00:00,,,,純SMT,5,2025-02-07 00:00:00,,重要工單,
,,,,,,,,,,,,,,,,,,,,,,1385.0833333333335,,,,,,,,,,
,,,,,,,,,,,,,,,,,,,,,,,,,,,,,,,,
,,,,,,,E,,雷雕機試驗,,,,,,,,,,,,,240,,,,,雷雕機新增功能測試,,,,,
,,,,,,,E,,前置FAI,,,,,,,,,,,,,0,,,,,,,,,,
,,,,,,,E,,91R125030067,T650QVN07.5/55.65T55.S69/EC code: 06,91-E0053-0010,A1,4/10,3/17,60,,,,,,,4.2,2025-03-19 00:00:00,6.000000000000001,,,重工包裝,1,2025-03-12 00:00:00,,,
,,,,,,,E,,91R125030068,T650QVN07.5/55.65T55.S70/EC code: 04,91-E0054-0010,A1,4/10,3/17,61,,,,,,,4.2700000000000005,2025-03-19 00:00:00,6.100000000000001,,,重工包裝,1,2025-03-12 00:00:00,,,
,,,,,,,E,,91R125030069,T650QVN07.5/55.65T55.S71/EC code: 06,91-E0055-0010,A1,4/10,3/17,60,,,,,,,4.2,2025-03-19 00:00:00,6.000000000000001,,,重工包裝,1,2025-03-12 00:00:00,,,
,,,,,,,E,,91R125030070,T650QVN07.5/55.65T55.S72/EC code: 04,91-E0056-0010,A1,4/10,3/17,61,,,,,,,4.2700000000000005,2025-03-19 00:00:00,6.100000000000001,,,重工包裝,1,2025-03-12 00:00:00,,,
,,,,,,,E,,91R125030089,M315QVR01.0-55.31M05.S01,91-E0042-0010,A1,4/10,3/18,82,,,,,,,5.74,2025-03-19 00:00:00,8.200000000000001,,,重工包裝,1,2025-03-12 00:00:00,,,
,,,,,,,E,,91R125030090,M315QVR01.0-55.31M05.S02,91-E0043-0010,A1,4/10,3/18,78,,,,,,,5.460000000000001,2025-03-19 00:00:00,7.800000000000002,,,重工包裝,1,2025-03-12 00:00:00,,,
,,,,,,,E,,前置FAI,,,,,,,,,,,0,,0,,,,,,,,,,
,,,,,,,E,,91N125040251,M315QVR01.0-55.31M05.S01,91-E0042-0010,A1,4/10,3/18,976,,0,8.5,8.5,138.26666666666668,0,138.26666666666668,2025-03-19 00:00:00,197.52380952380955,,,,1,2025-03-14 00:00:00,,,
,,,,,,,E,,前置FAI,,,,,,,,,,,0,,0,,,,,,,,,,
,,,,,,,E,,91N125040253,M315QVR01.0-55.31M05.S02,91-E0043-0010,A1,4/10,3/18,980,,0,8.5,8.5,138.83333333333334,0,138.83333333333334,2025-03-19 00:00:00,198.33333333333337,,,,1,2025-03-14 00:00:00,,,
,,,,,,,,3/19,,,,,,,,,,,Total,,,545.24,635.8571428571429,,,,,,,,,
,,,,,3/11,,B,,55E125010299,Aristocrat Gen10 Backplane,55-79030-004E,A3,3/13,2/21,670,,0,18,18,201,40,241,2025-03-20 00:00:00,,,,Kim,1,2025-01-07 00:00:00,,,
,,,,,3/11,,B,,55N125030126,cPCI-A3525KR/G4930E,55-65320-1020,A1,3/21,3/19,198,,54.7,40.6,95.30000000000001,314.49,40,354.49,2025-03-20 00:00:00,,,,,2,2025-02-06 00:00:00,,,
,,,,,3/11,,B,,59N125030194,xeBP-2785,59-38210-0050,A5,3/24,3/13,30,,61.3,44.2,105.5,52.75,40,92.75,2025-03-20 00:00:00,,,,,1,2025-02-11 00:00:00,,重要工單,
,,,,,3/11,,B,,59N125030250,Express-SL-i5-6440EQ/Redflex Nirvana,59-72128-2330,A3,3/24,3/17,50,,68,35,103,85.83333333333333,60,145.83333333333331,2025-03-20 00:00:00,,,,純SMT,2,2025-02-22 00:00:00,,重要工單,
,,,,,2/25,,B,,59N125030298,LEC-iMX64-C2-2G-0G-CT,59-72501-6040,A6,3/26,3/10,630,,28.6,20,48.6,510.3,40,550.3,2025-03-20 00:00:00,,,,純SMT,2,2025-01-16 00:00:00,,,
,,,,,,,,,,,,,,,,,,,,,,1384.3733333333332,,,,,,,,,,
,,,,,,,,,,,,,,,,,,,,,,,,,,,,,,,,
,,,,,,,,,收線,,,,,,,,,,,,,30,,,,,,,,,,
,,,,,,,,,夜班支援DIP,,,,,,,,,,,,,720,,,,,,,,,,
,,,,,3/10,●,A,,55E125020153,OLY-CM Test Board,55-79427-000E,A1,3/25,3/19,18,,40,40,80,24,90,140,2025-03-20 00:00:00,,,,Clare,6,2025-02-26 00:00:00,,,DEV-0053638
,,,,,,,A,,55E125030161,AMSTX-CFP12-Q370/i7/M32G/S512G/D-Fend,55-7A106-660E,A4,3/24,3/18,5,,73,65,138,11.5,60,85,2025-03-20 00:00:00,,,,Pinky,1,2025-02-20 00:00:00,,重要工單,
,,,,,,,A,,59N125040089,cExpress-SL-i3-6100U,59-72213-20B0,B1,3/25,3/11,6,,56.2,28,84.2,8.42,60,85,2025-03-20 00:00:00,,,,純SMT,2,2025-02-20 00:00:00,,,
,,,,,,,A,,59N125050033,PB-2785,59-38211-0020,A2,3/25,3/18,22,,0,40,40,14.666666666666666,60,85,2025-03-20 00:00:00,,,,,2,2025-02-11 00:00:00,,重要工單,
,,,,,,,A,,59N125030341,LEC-BTS1-2G-ER,59-72502-2030,B1,3/24,3/17,10,,30.59,20,50.59,8.431666666666667,60,85,2025-03-20 00:00:00,,,,純SMT,2,2025-02-22 00:00:00,,,
,,,,,,,A,,59N125030246,t1cExpress-TL-i7-1185GRE,59-72218-4030,A3,3/24,3/13,6,,43,43,86,8.6,60,85,2025-03-20 00:00:00,,,,純SMT,2,2025-02-22 00:00:00,,,
,,,,,,,A,,59N125030292,Express-TL-i7-11850HE,59-72138-2060,A2,3/24,3/18,5,,51.4,58.6,110,9.166666666666666,60,85,2025-03-20 00:00:00,,,,純SMT,2,2025-02-22 00:00:00,,,
,,,,,,,,,,,,,,,,,,,,,,1400,,,,,,,,,,
,,,,,,,,,,,,,,,,,,,,,,,,,,,,,,,,
,,,,,,,,,,,,,,,,,,,,,,,,,,,,,,,,
,,,,,,,E,,前置FAI,,,,,,,,,,,0,,0,,,,,,,,,,
,,,,,,,E,,91N125030277,T650QVN07.5/55.65T55.S69/EC code: 06,91-E0053-0010,A1,4/10,3/19,3952,,0,6,6,395.2,0,395.2,2025-03-20 00:00:00,564.5714285714286,,,,1,2025-03-12 00:00:00,,,
,,,,,,,E,,前置FAI,,,,,,,,,,,0,,0,,,,,,,,,,
,,,,,,,E,,91N125030278,T650QVN07.5/55.65T55.S70/EC code: 04,91-E0054-0010,A1,4/10,3/19,648,3952,0,6,6,64.8,0,64.8,2025-03-20 00:00:00,92.57142857142857,,,,1,2025-03-12 00:00:00,,,
,,,,,,,,3/20,,,,,,,,,,,Total,,,460,657.1428571428571,,,,,,,,,
,,,,,,,,,第4班開線,,,,,,,,,,,,,,,,,,,,,,,
,,,,,3/11,,B,,55N125020358,cPCI-3620/E3845/M4G/NM,55-31122-1620,A4,3/22,3/17,100,,46,39,85,141.66666666666666,40,181.66666666666666,2025-03-21 00:00:00,,,,,2,2025-02-11 00:00:00,,,
,,,,,3/13,,B,,59N125020489,Capsule Axon 2 Mainboard,59-66942-0020,A2,3/25,3/5,180,,25,25,50,150,40,190,2025-03-21 00:00:00,,,,,2,2025-02-26 00:00:00,,,
,,,,,3/13,,B,,59N125020490,Capsule Axon 2 Mainboard 1-Serial,59-66942-1020,A2,3/25,3/5,250,,25,25,50,208.33333333333334,40,248.33333333333334,2025-03-21 00:00:00,,,,,2,2025-02-26 00:00:00,,,
,,,,,3/11,,B,,59N125010511,Express-SL-i7-6820EQ/Kohala,59-72128-0290,A2,3/25,3/20,26,,76,33,109,47.233333333333334,60,107.23333333333333,2025-03-21 00:00:00,,,,純SMT,2,2025-02-11 00:00:00,,重要工單,
,,,,,3/11,,B,,59N125040020,Express-SL-i7-6822EQ/Brain,59-72128-1650,B2,3/27,3/17,120,,76,36,112,224,40,264,2025-03-21 00:00:00,,,,純SMT,2,2025-02-13 00:00:00,,,
,,,,,3/13,,B,,55N125040048,Express-TL-i5-11500HE/SSM,55-72138-3220,A2,3/22,3/20,200,250,51.44,58.62,110.06,366.8666666666667,40,406.8666666666667,2025-03-21 00:00:00,,,,純SMT,2,2025-02-25 00:00:00,,,
,,,,,,,,,,,,,,,,,,,,,,1398.1,,,,,,,,,,
,,,,,,,,,,,,,,,,,,,,,,,,,,,,,,,,
,,,,,,,,,開線、收線,,,,,,,,,,,,,60,,,,,,,,,,
,,,,,3/11,●,A,,55E125020204,OLY-DP Test Board,55-79429-000E,A1,3/26,3/20,20,,40,40,80,26.666666666666668,90,140,2025-03-21 00:00:00,,,,Clare,2,2025-02-26 00:00:00,,,DEV-0053637
,,,,,,●,A,,55E125020232,Bayer NGCT SCP C/B,55-77525-000E,A1,3/26,3/20,16,,60,60,120,32,90,140,2025-03-21 00:00:00,,,,Claire(位置LED1902，指定使用06-LH31C-0400),1,2025-03-11 00:00:00,,,DEV-0053634(合併55E125020232+55E125040055)
,,,,,,●,A,,55E125020327,Bayer NGCT SCP C/B,55-77525-000E,A1,3/26,3/20,6,,60,60,120,12,20,32,2025-03-21 00:00:00,,,,Claire(位置LED1902，指定使用06-LA196-4400),1,2025-03-11 00:00:00,,,DEV-0053634
,,,,,,,A,,55E125020233,LEC-IMX8MP-Q-8G-256G-TPM-CT/Bay,55-72512-810E,A2,3/24,3/10,16,,34.1,23.4,57.5,15.333333333333334,60,85,2025-03-21 00:00:00,,,,"Claire,純SMT",2,2025-02-20 00:00:00,,重要工單,
,,,,,3/11,,A,,55E124070025,Peacock M.2 interposer,55-63648-000E,A1,3/24,3/10,45,,1.52,1.52,3.04,2.2800000000000002,60,85,2025-03-21 00:00:00,,,,"Emma,純SMT",15,2025-02-17 00:00:00,,重要工單,
,,,,,3/19,,A,,55E125020135,Aristocrat Gen10 Backplane,55-79030-004E,A3,3/27,3/6,300,,0,18,18,90,40,130,2025-03-21 00:00:00,,,,Kim,1,2025-01-07 00:00:00,,,
,,,,,2/27,,A,,55N125030227,cPCI-3630/E3930/M4G/non J2,55-31125-0930,A2,3/24,3/17,52,,48.01,37.47,85.47999999999999,74.08266666666665,60,134.08266666666665,2025-03-21 00:00:00,,,,,2,2025-02-18 00:00:00,,,
,,,,,3/11,,A,,59N125030153,"ABX-220-EHL/SRDNA, X02",59-44835-AC50,A2,3/25,3/19,50,,75.26,86.92,162.18,135.15,40,175.15,2025-03-21 00:00:00,,,,,1,2025-02-24 00:00:00,,重要工單,
,,,,,,,A,,59N125050226,Express-TL-i7-11850HE-VGA/Redflex,59-72138-F210,A3,3/25,3/20,34,,48.5,58.5,107,60.63333333333333,60,120.63333333333333,2025-03-21 00:00:00,,,,純SMT,2,2025-03-12 00:00:00,,,
,,,,,,,A,,59N125030407,LEC-iMX8MP-Q-4G-32G-CT,59-72512-8010,A2,3/27,3/18,6,,34.1,23.4,57.5,5.75,60,85,2025-03-21 00:00:00,,,,純SMT,2,2025-02-26 00:00:00,,,
,,,,,3/22,,A,,59N125010515,t1Express-TL-W-11865MRE/32G/CAM,59-72138-6210,A2,3/26,3/20,50,,50,54,104,86.66666666666667,60,146.66666666666669,2025-03-22 00:00:00,,,,純SMT,2,2025-03-02 00:00:00,,,
,,,,,,,,,,,,,,,,,,,,,,1333.5326666666667,,,,,,,,,,
,,,,,,,,,,,,,,,,,,,,,,,,,,,,,,,,
,,,,,,,E,,前置FAI,,,,,,,,,,,0,,0,,,,,,,,,,
,,,,,,,E,,91N125030278,T650QVN07.5/55.65T55.S70/EC code: 04,91-E0054-0010,A1,4/10,3/19,3304,3952,0,6,6,330.4,0,330.4,2025-03-21 00:00:00,472,,,,1,2025-03-12 00:00:00,,,
,,,,,,,E,,前置FAI,,,,,,,,,,,0,,0,,,,,,,,,,
,,,,,,,E,,91N125030279,T650QVN07.5/55.65T55.S71/EC code: 06,91-E0055-0010,A1,4/10,3/19,1296,3952,0,6,6,129.6,0,129.6,2025-03-21 00:00:00,185.14285714285714,,,,1,2025-03-12 00:00:00,,,
,,,,,,,,3/21,,,,,,,,,,,Total,,,460,657.1428571428571,,,,,,,,,
,,,,,,,,,夜班開線8小時,,,,,,,,,,,,,240,,,,,,,,,,
,,,,,,,,,收線,,,,,,,,,,,,,30,,,,,,,,,,
,,,,,3/13,,B,,55N125040048,Seatex ISP2020 Carrier Board,55-72138-3220,A2,3/22,3/20,50,250,51.44,58.62,110.06,91.71666666666667,0,91.71666666666667,2025-03-22 00:00:00,,,,純SMT,2,2025-02-25 00:00:00,,,
,,,,,,,B,,55E125010304,Aristocrat Gen10 Backplane,55-79030-004E,A3,3/25,3/6,300,,0,18,18,90,40,130,2025-03-22 00:00:00,,,,Kim,1,2025-01-07 00:00:00,,,
,,,,,3/3,,B,,55E125020214,Q7-EL-6425RE-16G-64G-CT/ACIST,55-76005-410E,A2,3/24,3/20,44,,52,33,85,62.333333333333336,60,122.33333333333334,2025-03-22 00:00:00,,,,"Claire,純SMT",2,2025-02-26 00:00:00,,重要工單,
,,,,,,,B,,59N125040107,Express-CFR-E-2254ML/TPM2.0/CWC,59-72135-6320,A1,3/26,3/21,56,,50,40,90,84,40,124,2025-03-22 00:00:00,,,,純SMT(3/24上午接測),2,2025-02-25 00:00:00,,重要工單,
,,,,,3/17,,B,,59N125030182,xeBP-2301L,59-38208-0020,A2,3/25,3/10,51,,40,40,80,68,40,108,2025-03-22 00:00:00,,,,,1,2025-02-07 00:00:00,,重要工單,
,,,,,,,B,,55N125030330,Seatex ISP2020 Carrier Board,55-77515-0010,A2,3/24,3/19,60,,95,101,196,196,40,236,2025-03-22 00:00:00,,,,,1,2025-02-07 00:00:00,,,
,,,,,,,,,,,,,,,,,,,,,,1082.0500000000002,,,,,,,,,,
,,,,,,,,,,,,,,,,,,,,,,,,,,,,,,,,
,,,,,,,,,夜班開線8小時,,,,,,,,,,,,,240,,,,,,,,,,
,,,,,,,,,開線、收線,,,,,,,,,,,,,60,,,,,,,,,,
,,,,,,,A,,55E125040130,SEMI-MF PXIe 9A852CB,55-38006-0050,A2,3/25,3/20,6,,25,30,55,5.5,60,85,2025-03-22 00:00:00,,,,Elsa,2,2025-02-20 00:00:00,,,
,,,,,,,A,,55E125020328,FM-300,55-32207-001E,A1,3/25,3/13,10,,15,18,33,5.5,80,85.5,2025-03-22 00:00:00,,,,"Candace,純SMT",10,2025-02-24 00:00:00,,,DEV-0053665
,,,,,2/25,,A,,55E125020329,RMXM-200-B,55-32205-104E,A1,3/25,3/13,10,,46,40,86,14.333333333333334,80,94.33333333333333,2025-03-22 00:00:00,,,,Candace,1,2025-02-24 00:00:00,,,DEV-0053665
,,,,,,,A,,55E125020330,RCPU-100,55-32204-004E,A1,3/25,3/13,10,,63,65,128,21.333333333333332,80,101.33333333333333,2025-03-22 00:00:00,,,,Candace,1,2025-02-24 00:00:00,,,DEV-0053665
,,,,,,,A,,55E125020319,EGX-PCIE-A580E-KGI,55-7C402-002E,A2,3/25,3/5,30,,63,38,101,50.5,60,110.5,2025-03-22 00:00:00,,,,Kim,2,2025-03-11 00:00:00,,,DEV-0053436
,,,,,,,A,,59N125050032,xeBP-2785/T,59-38210-0A50,A4,3/25,3/14,14,,61.94,46.58,108.52,25.32133333333333,60,85,2025-03-22 00:00:00,,,,,1,2025-02-22 00:00:00,,重要工單,
,,,,,,,A,,55N125030507,cPCI-3520/2276ME/M32G,55-31128-0Q10,A2,3/25,3/17,6,,68,58,126,12.6,60,85,2025-03-22 00:00:00,,,,,2,2025-03-17 00:00:00,,,
,,,,,3/17,,A,,59N125060064,UNP DB-CFast,59-37572-0010,A3,3/25,3/17,12,,0,10,10,2,60,85,2025-03-22 00:00:00,,,,純SMT,4,2025-03-13 00:00:00,,,
,,,,,2/18,,A,,59N125010141,EGX-MXM-A500-4G-40W/Adlink logo,59-7C006-1020,A1,3/25,1/10,8,,23,25,48,6.4,60,85,2025-03-22 00:00:00,,,,純SMT,2,2024-12-17 00:00:00,,重要工單,
,,,,,,,,,,,,,,,,,,,,,,1116.6666666666667,,,,,,,,,,
,,,,,,,,,,,,,,,,,,,,,,,,,,,,,,,,
,,,,,,,E,,前置FAI,,,,,,,,,,,0,,0,,,,,,,,,,
,,,,,,,E,,91N125030279,T650QVN07.5/55.65T55.S71/EC code: 06,91-E0055-0010,A1,4/10,3/19,2656,3952,0,6,6,265.6,0,265.6,2025-03-22 00:00:00,379.4285714285715,,,,1,2025-03-12 00:00:00,,,
,,,,,,,E,,前置FAI,,,,,,,,,,,0,,0,,,,,,,,,,
,,,,,,,E,,91N125030280,T650QVN07.5/55.65T55.S72/EC code: 04,91-E0056-0010,A1,4/10,3/19,1944,3952,0,6,6,194.4,0,194.4,2025-03-22 00:00:00,277.7142857142857,,,,1,2025-03-12 00:00:00,,,
,,,,,,,,3/22,,,,,,,,,,,Total,,,460,657.1428571428572,,,,,,,,,
,,,,,第三週排程,,,,,,,,,,生產數量,,,,,,,,,,,,,,,,,
,,,,,,,,,,,,,,,,,,,,,,,,,,,,,,,,
,,,,,修改,First,線別,VIP,製令單號,品名,品號,版次,預計完工日,料齊日,實際生產,MO數量,反面,正面,SMT C.T(sec.),生產工時(min),換線工時(min),總工時(min),上線日,,上線時間,結束時間,備註,IE專用,,,,
,,,,,,,,,開線,,,,,,,,,,,,,30,,,,,,,,,,
,,,,,3/19,,B,,59N125050087,LEC-iMX8MP-Q-N-4G-32G-ER,59-72512-1010,A2,4/1,3/19,80,,35,25,60,80,40,120,2025-03-24 00:00:00,,,,純SMT(3/25上午接測),2,2025-03-02 00:00:00,,,
,,,,,,,B,,55N125020452,cPCI-3620/E3845/M4G/NM,55-31122-1620,A4,3/25,3/17,150,,46,39,85,212.5,40,252.5,2025-03-24 00:00:00,,,,,2,2025-02-11 00:00:00,,,
,,,,,,,B,,59N125030437,Capsule Axon 2 Mainboard 4-port wired,59-66942-2020,A2,3/28,3/7,452,,25,25,50,376.6666666666667,40,416.6666666666667,2025-03-24 00:00:00,,,,,2,2025-02-26 00:00:00,,,
,,,,,,,B,,55N125030185,Popeye Power Mezz-HP ES2,55-63535-1020,A2,3/25,3/21,102,,88,75,163,277.1,40,317.1,2025-03-24 00:00:00,,,,,1,2025-02-07 00:00:00,,重要工單,
,,,,,3/18,,B,,55N125020395,SEMI-MF CM3-BT4-E3845,55-48104-20A0,A7,3/25,3/19,48,,56,38,94,75.2,60,135.2,2025-03-24 00:00:00,,,,,2,2025-02-25 00:00:00,,,
,,,,,3/18,,B,,55N125040031,ETX-BT-E3815/Varian,55-71116-4790,B4,3/27,3/14,90,,45.4,29.1,74.5,111.75,40,151.75,2025-03-25 00:00:00,,,,純SMT,2,2025-02-22 00:00:00,,,
,,,,,,,,,,,,,,,,,,,,,,1423.216666666667,,,,,,,,,,
,,,,,,,,,,,,,,,,,,,,,,,,,,,,,,,,
,,,,,,,,,開線、收線,,,,,,,,,,,,,60,,,,,,,,,,
,,,,,,,,,夜班支援DIP,,,,,,,,,,,,,720,,,,,,,,,,
,,,,,,,A,,55E124120164,Peacock M.2 carrier,55-63649-001E,A2,3/25,3/12,40,,3,3,6,4,60,85,2025-03-24 00:00:00,,,,"Emma,純SMT",8,2025-02-17 00:00:00,,重要工單,
,,,,,,,A,,55E124120165,Peacock TBT Mezz,55-63650-003E,A2,3/25,3/20,40,,10,12,22,14.666666666666666,60,85,2025-03-24 00:00:00,,,,"Emma,純SMT",8,2025-02-17 00:00:00,,重要工單,
,,,,,,,A,,55N125030372,cPCI-8168A,55-36402-00M0,B2,3/25,2/25,32,,40,58.49,98.49000000000001,52.528000000000006,40,92.528,2025-03-24 00:00:00,,,,,1,2025-02-18 00:00:00,,重要工單,
,,,,,3/18,,A,,55N125030222,SEMI-MF 9A852DB,55-14081-0020,A2,3/28,3/4,30,,28,35,63,31.5,40,85,2025-03-24 00:00:00,,,,,1,2025-02-11 00:00:00,,,
,,,,,3/18,,A,,55N125030223,SEMI-MF 9A852CB,55-18252-0030,A2,3/28,3/5,30,,20,20,40,20,60,85,2025-03-24 00:00:00,,,,,2,2025-02-11 00:00:00,,,
,,,,,3/13,,A,,59N125040156,Express-CFR-E-2276ML,59-72135-50C0,A1,3/26,3/21,16,,27.19,31.51,58.7,15.653333333333334,60,85,2025-03-24 00:00:00,,,,純SMT,2,2025-02-22 00:00:00,,,
,,,,,3/19,,A,,59N125020471,NVR LED board,59-65A71-0010,A1,3/31,3/11,310,,7,8.5,15.5,80.08333333333333,40,120.08333333333333,2025-03-24 00:00:00,,,,,5,2025-02-17 00:00:00,,,
,,,,,,,,,,,,,,,,,,,,,,1417.6113333333333,,,,,,,,,,
,,,,,,,,,,,,,,,,,,,,,,,,,,,,,,,,
,,,,,,,E,,前置FAI,,,,,,,,,,,0,,0,,,,,,,,,,
,,,,,,,E,,91N125030280,T650QVN07.5/55.65T55.S72/EC code: 04,91-E0056-0010,A1,4/10,3/19,2008,3952,0,6,6,200.8,0,200.8,2025-03-24 00:00:00,286.8571428571429,,,,1,2025-03-12 00:00:00,,,
,,,,,,,E,,前置FAI,,,,,,,,,,,0,,0,,,,,,,,,,
,,,,,3/12,,E,,55E125020322,Aristocrat Gen10 Carrier,55-77522-002E,A2,4/1,3/22,230,1350,27.5,38.8,66.3,254.15,0,254.15,2025-03-24 00:00:00,363.0714285714286,,,Kim,1,2025-03-12 00:00:00,,重要工單,
,,,,,,,,3/24,,,,,,,,,,,Total,,,454.95000000000005,649.9285714285716,,,,,,,,,
,,,,,3/19,,B,,55E125040048,EP6200 board,55-A7003-007E,A4,3/26,3/17,100,,37,72,109,181.66666666666666,40,221.66666666666666,2025-03-25 00:00:00,,,,Winnie,1,2025-02-17 00:00:00,,重要工單,
,,,,,,,B,,55N125040028,AmITX-KB-G-Q170/ITS i5,55-7A104-2160,A3,3/27,3/11,200,,65.9,58.6,124.5,415,40,455,2025-03-25 00:00:00,,,,,1,2025-02-22 00:00:00,,重要工單,
,,,,,,,B,,59N125040129,cPCI-A3W10,59-65A60-0040,A3,3/28,2025-03-24 00:00:00,170,,30,38,68,192.66666666666666,40,232.66666666666666,2025-03-25 00:00:00,,,,,2,2025-02-22 00:00:00,,,
,,,,,3/10,,B,,59N125010487,cPCI-A3535ND1,59-31130-0020,A2,3/27,3/24,48,,53,43,96,76.8,60,136.8,2025-03-25 00:00:00,,,,,2,2025-02-04 00:00:00,,,
,,,,,3/19,,B,,59N125010488,DB-P6301,59-37625-0010,A1,3/27,3/24,48,,15,18,33,26.4,60,86.4,2025-03-25 00:00:00,,,,,2,2025-02-04 00:00:00,,,
,,,,,3/19,,B,,59N125040011,LEC-iMX64-C2-2G-0G-CT,59-72501-6040,A6,3/31,3/10,300,604,28.6,20,48.6,243,40,283,2025-03-25 00:00:00,,,,純SMT(3/27上午接測),2,2025-01-16 00:00:00,,,
,,,,,,,,,,,,,,,,,,,,,,1415.5333333333333,,,,,,,,,,
,,,,,,,,,,,,,,,,,,,,,,,,,,,,,,,,
,,,,,,,,,開線、收線,,,,,,,,,,,,,60,,,,,,,,,,
,,,,,,,,,夜班支援DIP,,,,,,,,,,,,,720,,,,,,,,,,
,,,,,,●,A,,55E125040116,cPCI-RA3USB,55-96259-000E,A1,3/28,2/20,10,,0,13.33,13.33,2.2216666666666667,90,120,2025-03-25 00:00:00,,,,Raymond,4,2025-02-17 00:00:00,,,DEV-0053552
,,,,,,●,A,,55E125030159,Absolute Vision 2.0,55-77524-002E,A2,3/28,3/24,16,,28,33,61,16.266666666666666,90,140,2025-03-25 00:00:00,,,,Claire,2,2025-03-10 00:00:00,,,DEV-0053821
,,,,,3/19,,A,,55E125030062,VPX6000EL/D4700/M32-R,55-31423-209E,A2,3/26,3/24,14,,129,100,229,53.43333333333333,60,113.43333333333334,2025-03-25 00:00:00,,,,Ivy,1,2025-01-09 00:00:00,,,
,,,,,,,A,,55E125040084,LEC-EL-6200FE-4G-64G-TPM-ER/Boeing,55-72513-320E,A2,3/26,3/24,6,,48,36,84,8.4,60,85,2025-03-25 00:00:00,,,,"Claire,純SMT",2,2025-02-20 00:00:00,,重要工單,
,,,,,,,A,,55E125040224,ADi-BPA3-AD-Everi,55-67201-001E,A2,3/26,3/21,10,,0,25,25,4.166666666666667,80,85,2025-03-25 00:00:00,,,,Maggie,1,2025-03-14 00:00:00,,,DEV-0053946、DEV-0053885
,,,,,3/17,,A,,59N125050082,cExpress-TL-i7-1185G7E/Polytec,59-72218-0500,A3,3/31,3/11,20,,75.65,33.49,109.14000000000001,36.38,60,96.38,2025-03-25 00:00:00,,,,純SMT,2,2025-02-24 00:00:00,,,
,,,,,,,,,,,,,,,,,,,,,,1419.8133333333335,,,,,,,,,,
,,,,,,,,,,,,,,,,,,,,,,,,,,,,,,,,
,,,,,,,E,,前置FAI,,,,,,,,,,,0,,0,,,,,,,,,,
,,,,,3/12,,E,,55E125020322,Aristocrat Gen10 Carrier,55-77522-002E,A2,4/1,3/22,420,1350,27.5,38.8,66.3,464.1,0,464.1,2025-03-25 00:00:00,663.0000000000001,,,Kim,1,2025-03-12 00:00:00,,重要工單,
,,,,,,,,3/25,,,,,,,,,,,Total,,,464.1,663.0000000000001,,,,,,,,,
,,,,,3/19,,B,,59N125040011,TW,59-72501-6040,A6,3/31,3/10,304,604,28.6,20,48.6,246.23999999999998,0,246.23999999999998,2025-03-26 00:00:00,,,,純SMT(3/27上午接測),2,2025-01-16 00:00:00,,,
,,,,,3/19,,B,,55E125020266,CSA-7211 MB C621,55-65531-006E,A2,3/28,3/25,19,,120,250,370,117.16666666666667,60,177.16666666666669,2025-03-26 00:00:00,,,,Xuhao,1,2025-02-18 00:00:00,,,
,,,,,3/19,,B,,55E125020265,CSA-7211 MB C627,55-65531-105E,A2,3/28,3/25,9,,120,250,370,55.5,60,115.5,2025-03-26 00:00:00,,,,Xuhao,1,2025-02-18 00:00:00,,,
,,,,,,,B,,55E125030221,OSM-MTK510-2G-32G-CT/NVM,55-76103-110E,A1,3/27,3/25,187,190,30,40,70,218.16666666666666,40,258.16666666666663,2025-03-26 00:00:00,,,,"Claire,純SMT",4,2025-03-11 00:00:00,,,
,,,,,,,B,,55N125030184,Popeye Gen3 BP,55-63538-0040,A1,4/1,3/25,101,,88,75,163,274.3833333333333,40,314.3833333333333,2025-03-26 00:00:00,,,,,1,2025-02-07 00:00:00,,重要工單,
,,,,,,,B,,59N125040083,UNP PCIe-7200,59-18022-00A0,A4,3/28,3/25,200,,15,16,31,103.33333333333333,40,143.33333333333331,2025-03-26 00:00:00,,,,,2,2025-02-07 00:00:00,,重要工單,
,,,,,,,B,,59N125030238,Express-IBR-i7-3517UE/Td,59-72121-A680,A3,4/8,3/24,90,400,46,35,81,121.5,40,161.5,2025-03-27 00:00:00,,,,純SMT,2,2025-02-25 00:00:00,,,
,,,,,,,,,,,,,,,,,,,,,,1416.2899999999997,,,,,,,,,,
,,,,,,,,,,,,,,,,,,,,,,,,,,,,,,,,
,,,,,,,,,開線、收線,,,,,,,,,,,,,60,,,,,,,,,,
,,,,,,,,,夜班支援DIP,,,,,,,,,,,,,720,,,,,,,,,,
,,,,,,●,A,,55E125040129,PXIe-9908 QC Fixture,55-96282-000E,A1,3/31,3/24,10,,20,25,45,7.5,70,120,2025-03-26 00:00:00,,,,Elsa,1,2025-03-12 00:00:00,,,DEV-0053840
,,,,,3/11,,A,,55E125030157,VPX3-TL/W-11865MRE/M32/XMC 2.0-R2,55-31129-015E,1A2,3/27,3/24,6,,68,60,128,12.8,60,85,2025-03-26 00:00:00,,,,Ivy,2,2025-03-11 00:00:00,,,
,,,,,,,A,,55N125040064,Siemens ImagSys-Power button Board,55-A2058-0010,A1,3/28,3/14,364,,1.58,1.43,3.01,18.260666666666665,60,85,2025-03-26 00:00:00,,,,,28,2025-02-07 00:00:00,,重要工單,
,,,,,,,A,,59N125030022,UNP Seatex BP,59-65430-0020,A3,3/28,3/25,50,,0,15,15,12.5,60,85,2025-03-26 00:00:00,,,,,2,2025-02-22 00:00:00,,重要工單,
,,,,,,,A,,59N125030405,ETX-BT-N2930-NO AUDIO,59-71116-G040,B4,3/28,3/25,6,,55,40,95,9.5,60,85,2025-03-26 00:00:00,,,,純SMT,2,2025-03-11 00:00:00,,,
,,,,,,,A,,55N125050053,SEMI-MF SATA Interposer,55-38207-0010,A1,3/27,3/25,70,,0,7,7,8.166666666666666,60,85,2025-03-26 00:00:00,,,,,10,2025-02-25 00:00:00,,重要工單,
,,,,,,,A,,59N125040263,t1Express-RLP-i7-13800HRE,59-72139-Q010,A1,3/31,3/25,38,,55,61,116,73.46666666666667,40,113.46666666666667,2025-03-26 00:00:00,,,,純SMT,2,2025-02-25 00:00:00,,,
,,,,,,,,,,,,,,,,,,,,,,1438.4666666666667,,,,,,,,,,
,,,,,,,,,,,,,,,,,,,,,,,,,,,,,,,,
,,,,,,,E,,前置FAI,,,,,,,,,,,0,,0,,,,,,,,,,
,,,,,3/12,,E,,55E125020322,Aristocrat Gen10 Carrier,55-77522-002E,A2,4/1,3/22,420,1350,27.5,38.8,66.3,464.1,0,464.1,2025-03-26 00:00:00,663.0000000000001,,,Kim,1,2025-03-12 00:00:00,,重要工單,
,,,,,,,,3/26,,,,,,,,,,,Total,,,464.1,663.0000000000001,,,,,,,,,
,,,,,,,,,第4班開線,,,,,,,,,,,,,,,,,,,,,,,
,,,,,,,B,,59N125030238,Express-IBR-i7-3517UE/Td,59-72121-A680,A3,4/8,3/24,310,400,46,35,81,418.5,0,418.5,2025-03-27 00:00:00,,,,純SMT,2,2025-02-25 00:00:00,,,
,,,,,3/11,,B,,55E125030010,Aristocrat Gen10 Backplane,55-79030-004E,A3,4/1,3/17,330,,0,18,18,99,40,139,2025-03-27 00:00:00,,,,Kim,1,2025-02-20 00:00:00,,重要工單,
,,,,,,,B,,55N125040246,NVR MB w/o PoE ports,55-65537-0120,A2,3/31,3/19,150,,70,110,180,450,40,490,2025-03-27 00:00:00,,,,,1,2025-02-20 00:00:00,,,
,,,,,,,B,,59N125030375,LEC-AL-E3940-8G-ER/IVN5,59-72506-5320,B2,4/8,3/26,250,,45,30,75,312.5,40,352.5,2025-03-27 00:00:00,,,,純SMT,2,2025-03-02 00:00:00,,重要工單,
,,,,,,,,,,,,,,,,,,,,,,1400,,,,,,,,,,
,,,,,,,,,,,,,,,,,,,,,,,,,,,,,,,,
,,,,,,,,,開線、收線,,,,,,,,,,,,,30,,,,,,,,,,
,,,,,,,A,,55E125040115,AmITX-RL-G-Konami test fixture,55-96277-001E,A2,4/1,3/11,15,,20,25,45,11.25,90,140,2025-03-27 00:00:00,,,,Maggie,1,2025-02-26 00:00:00,,,DEV-0053663
,,,,,,,A,,55E125030113,LEC-IMX8MP-Q-8G-256G-TPM-CT/Bay,55-72512-810E,A2,3/28,3/26,36,,34.1,23.4,57.5,34.5,60,94.5,2025-03-27 00:00:00,,,,"Claire,純SMT(3/28上午接測)",2,2025-02-20 00:00:00,,,
,,,,,,,A,,55E125020367,EGX-MXM-T1000/IGT,55-7C003-F03E,A2,3/28,3/26,200,,41,32,73,243.33333333333334,40,283.33333333333337,2025-03-27 00:00:00,,,,"Rory,純SMT(3/28上午接測)",2,2025-03-18 00:00:00,,,
,,,,,3/18,,A,,55E124120161,COM-HPC-cRLS-i9-65W/KS,55-73301-115E,A3,3/29,3/26,40,,55,51,106,70.66666666666667,40,110.66666666666667,2025-03-27 00:00:00,,,,Cindy,1,2025-02-25 00:00:00,,重要工單,
,,,,,,,A,,59N125040082,PCIe-9147,59-18907-0010,A1,3/31,3/5,20,,20,20,40,13.333333333333334,60,85,2025-03-27 00:00:00,,,,,2,2025-02-11 00:00:00,,,
,,,,,,,A,,59N125040069,UNP PB-2590-N12V,59-38201-0010,A2,3/31,3/26,30,,0,6.67,6.67,3.335,60,85,2025-03-27 00:00:00,,,,,6,2025-02-20 00:00:00,,重要工單,
,,,,,,,A,,59N125040070,xeBP-2590L/Ametek,59-38200-0120,B1,3/31,3/26,27,,40,40,80,36,60,96,2025-03-27 00:00:00,,,,,1,2025-02-20 00:00:00,,重要工單,
,,,,,,,A,,55N125050169,M9023A,55-63512-1050,A3,3/28,3/21,28,,40,40,80,37.333333333333336,60,85,2025-03-27 00:00:00,,,,,1,2025-03-11 00:00:00,,,
,,,,,,,A,,59N125040051,ADi-BAMP-G2/24V/SSC,59-7B203-2110,A2,4/1,3/26,204,,10,10.3,20.3,69.02,40,109.02,2025-03-27 00:00:00,,,,,4,2025-02-11 00:00:00,,重要工單,
,,,,,,,A,,55N125040071,M9019-66530,55-63623-0030,A3,3/28,3/26,50,,40,40,80,66.66666666666667,40,106.66666666666667,2025-03-27 00:00:00,,,,,1,2025-02-11 00:00:00,,重要工單,
,,,,,,,A,,59N125040158,Express-CFR-E-2254ML,59-72135-60C0,A1,4/1,3/26,6,,46.5,35.8,82.3,8.229999999999999,60,85,2025-03-27 00:00:00,,,,純SMT,2,2025-03-02 00:00:00,,,
,,,,,,,A,,59N125030342,cExpress-MTL-135U/UNI,59-72221-2120,A1,4/1,3/24,30,,55,52,107,53.5,60,113.5,2025-03-27 00:00:00,,,,純SMT,2,2025-03-02 00:00:00,,,
,,,,,,,,,,,,,,,,,,,,,,1423.6866666666667,,,,,,,,,,
,,,,,,,,,,,,,,,,,,,,,,,,,,,,,,,,
,,,,,,,E,,前置FAI,,,,,,,,,,,0,,0,,,,,,,,,,
,,,,,3/12,,E,,55E125020322,Aristocrat Gen10 Carrier,55-77522-002E,A2,4/1,3/22,280,1350,27.5,38.8,66.3,309.4,0,309.4,2025-03-27 00:00:00,442,,,Kim,1,2025-03-12 00:00:00,,重要工單,
,,,,,,,E,,前置FAI,,,,,,,,,,,0,,0,,,,,,,,,,
,,,,,3/12,,E,,59N125040021,Express-CF-i3-8100H/ARIS,59-72131-2470,A2,4/8,3/19,140,1000,45,30,75,175,0,175,2025-03-27 00:00:00,218.75,,,純SMT(3/28上午接測),2,2025-02-21 00:00:00,,,
,,,,,,,,3/27,,,,,,,,,,,Total,,,484.4,660.75,,,,,,,,,
,,,,,,,B,,59N125030144,XA182-ANISE Video board,59-A2040-0010,A2,4/1,3/11,300,,31.9,39,70.9,354.5,40,394.5,2025-03-28 00:00:00,,,,,1,2025-02-24 00:00:00,,重要工單,
,,,,,3/21,,B,,59N125050003,SIM-CCU01,59-65A31-0040,A2,4/1,3/24,48,,20.7,24,44.7,35.760000000000005,60,95.76,2025-03-28 00:00:00,,,,,3,2025-02-22 00:00:00,,,
,,,,,3/21,,B,,55N125030475,Express-CF-i5-8400H/BK,55-72131-1280,A2,4/2,3/27,64,,53,38.8,91.8,97.92,40,137.92000000000002,2025-03-28 00:00:00,,,,純SMT(水洗機種),2,2025-03-10 00:00:00,,,
,,,,,,,B,,59N125040035,Express-DN7-C3708/4G/64G/CYMER,59-72132-1330,A2,4/10,3/27,100,,37,38,75,125,40,165,2025-03-28 00:00:00,,,,純SMT,2,2025-02-22 00:00:00,,,
,,,,,,,B,,59N125030332,Express-RLP-i7-1370PE,59-72139-N010,A1,4/8,3/26,74,,55,61,116,143.06666666666666,40,183.06666666666666,2025-03-28 00:00:00,,,,純SMT,2,2025-02-22 00:00:00,,,
,,,,,,,B,,59N125040036,LEC-iMX8MP-Q-2G-32G-CT/Zoetis,59-72512-7120,A2,4/10,3/24,314,,42,36,78,408.2,40,448.2,2025-03-28 00:00:00,,,,純SMT,2,2025-02-22 00:00:00,,,
,,,,,,,,,,,,,,,,,,,,,,1424.4466666666667,,,,,,,,,,
,,,,,,,,,,,,,,,,,,,,,,,,,,,,,,,,
,,,,,,,,,收線,,,,,,,,,,,,,30,,,,,,,,,,
,,,,,,,,,夜班支援DIP,,,,,,,,,,,,,720,,,,,,,,,,
,,,,,,,A,,55E125040044,SEMI-MF PMC-8670CS2,55-37550-005E,A2,3/31,3/27,12,,0,21,21,4.2,60,85,2025-03-28 00:00:00,,,,Michael,1,2025-02-24 00:00:00,,,
,,,,,,,A,,55E125030230,cExpress-RLP-i7-13800HRE-64G,55-72222-000E,A1,3/31,3/27,6,,58,55,113,11.3,80,91.3,2025-03-28 00:00:00,,,,"Cindy,純SMT",2,2025-03-19 00:00:00,,,DEV-0053922+DEV-0053957
,,,,,,,A,,59N125030192,xeBP-2590L,59-38200-0090,B1,3/31,3/26,30,,41.2,48.5,89.7,44.85,40,85,2025-03-28 00:00:00,,,,,1,2025-02-22 00:00:00,,,
,,,,,,,A,,59N125030193,UNP PB-2590-N12V,59-38201-0010,A2,3/31,3/26,30,,0,6.67,6.67,3.335,60,85,2025-03-28 00:00:00,,,,,6,2025-02-22 00:00:00,,,
,,,,,,,A,,59N125040130,cExpress-SL-i7-6600U/TPM/ACAL,59-72213-0610,B1,4/8,3/24,10,,59,28,87,14.5,60,85,2025-03-28 00:00:00,,,,純SMT,2,2025-02-22 00:00:00,,,
,,,,,3/19,,A,,59N125040029,"SP2-TGL,i3,PCAP,9-36V,W/ IO for Titan2",59-A1027-2410,A2,3/31,3/27,18,,62,58,120,36,60,96,2025-03-28 00:00:00,,,,,1,2025-02-22 00:00:00,,重要工單,
,,,,,3/19,,A,,59N125040157,nanoX-AL-E3950-4G,59-72306-5090,B1,4/2,3/26,26,,42,35,77,33.36666666666667,60,93.36666666666667,2025-03-28 00:00:00,,,,純SMT,2,2025-02-25 00:00:00,,,
,,,,,,,A,,55N125050007,RISER-CCU01,55-65A30-0010,A1,4/1,3/3,48,,0,5,5,4,60,85,2025-03-28 00:00:00,,,,,8,2025-02-22 00:00:00,,重要工單,
,,,,,,,,,,,,,,,,,,,,,,1455.6666666666665,,,,,,,,,,
,,,,,,,,,,,,,,,,,,,,,,,,,,,,,,,,
,,,,,,,E,,前置FAI,,,,,,,,,,,0,,0,,,,,,,,,,
,,,,,3/12,,E,,59N125040021,Express-CF-i3-8100H/ARIS,59-72131-2470,A2,4/8,3/19,430,1000,45,30,75,537.5,0,537.5,2025-03-28 00:00:00,671.875,,,純SMT(3/29上午接測),2,2025-02-21 00:00:00,,,
,,,,,,,,3/28,,,,,,,,,,,Total,,,537.5,671.875,,,,,,,,,
,,,,,,,,,夜班開線8小時,,,,,,,,,,,,,240,,,,,,,,,,
,,,,,,,,,收線,,,,,,,,,,,,,30,,,,,,,,,,
,,,,,,,B,,59N125040118,DB-P6302,59-37626-0010,A1,4/2,3/17,136,,28,26,54,122.4,40,162.4,2025-03-29 00:00:00,,,,,2,2025-02-22 00:00:00,,,
,,,,,3/19,,B,,55E125030160,Absolute Vision 2.0,55-77524-002E,A2,3/31,3/28,190,,28,33,61,193.16666666666666,60,253.16666666666666,2025-03-29 00:00:00,,,,Claire(急件需求，優先投產下傳DIP),2,2025-03-12 00:00:00,,重要工單,DEV-0053821
,,,,,,,B,,55N125040144,AmITX-KB-G-Q170/ITS i5,55-7A104-2160,A3,4/2,3/11,200,,65.9,58.6,124.5,415,40,455,2025-03-29 00:00:00,,,,,1,2025-02-22 00:00:00,,重要工單,
,,,,,,,B,,55N125040003,ECAR-EVE-CF,55-77513-0030,A1,4/2,3/27,64,,33,35,68,72.53333333333333,40,112.53333333333333,2025-03-29 00:00:00,,,,水洗機種,1,2025-02-22 00:00:00,,,
,,,,,,,,,,,,,,,,,,,,,,1253.1,,,,,,,,,,
,,,,,,,,,,,,,,,,,,,,,,,,,,,,,,,,
,,,,,,,,,夜班開線8小時,,,,,,,,,,,,,240,,,,,,,,,,
,,,,,,,,,開線、收線,,,,,,,,,,,,,60,,,,,,,,,,
,,,,,3/17,,A,,55E125020356,EMP-520 CB for Ultra 5,55-A1036-002E,A1,4/1,3/24,10,,38,64,102,17,60,85,2025-03-29 00:00:00,,,,Renee,1,2025-03-12 00:00:00,,,
,,,,,,,A,,55N125030308,ROScube-X 590 MB with extension box,55-R1002-1010,A1,3/31,3/12,18,,41,63.6,104.6,31.38,60,91.38,2025-03-29 00:00:00,,,,,1,2025-02-22 00:00:00,,重要工單,
,,,,,3/10,,A,,59N125020463,R4600-3A1 AFM board,59-65A59-0020,A2,4/1,3/24,47,,53,53,106,83.03333333333333,40,123.03333333333333,2025-03-29 00:00:00,,,,,1,2025-02-22 00:00:00,,,
,,,,,,,A,,55N125050075,N5511-63050,55-63532-0010,A1,4/1,3/28,8,,4.1,3.4,7.5,1,60,85,2025-03-29 00:00:00,,,,,16,2025-02-22 00:00:00,,重要工單,
,,,,,,,A,,59N125050070,UNP HSL-DI8DO8-C-XN,59-23040-00A0,A2,4/2,3/28,48,,0,8,8,6.4,60,85,2025-03-29 00:00:00,,,,,8,2025-02-22 00:00:00,,重要工單,
,,,,,,,A,,59N125040059,ABX-5502-CCU-5500-MB,59-65522-0050,A2,4/2,3/26,18,,72,75,147,44.1,60,104.1,2025-03-29 00:00:00,,,,,1,2025-02-22 00:00:00,,,
,,,,,,,A,,59N125040161,UNP aDB-1520,59-65437-0010,A1,4/2,3/28,60,,0,5.46,5.46,5.46,40,85,2025-03-29 00:00:00,,,,,2,2025-02-22 00:00:00,,重要工單,
,,,,,,,A,,59N125020479,UNP T6-DDI,59-79302-0040,B1,4/2,3/27,8,,0,22.38,22.38,2.984,60,85,2025-03-29 00:00:00,,,,,2,2025-03-02 00:00:00,,,
,,,,,3/25,,A,,55N125040068,MCM-216 DB,55-14102-0020,A1,4/1,3/28,60,,38,20,58,58,40,98,2025-03-29 00:00:00,,,,,2,2025-02-11 00:00:00,,,
,,,,,,,A,,59N125030017,M9048B,59-18903-9060,A4,4/2,3/28,36,,20,20,40,24,60,85,2025-03-29 00:00:00,,,,,2,2025-02-11 00:00:00,,重要工單,
,,,,,,,,,,,,,,,,,,,,,,1226.5133333333333,,,,,,,,,,
,,,,,,,,,,,,,,,,,,,,,,,,,,,,,,,,
,,,,,,,E,,前置FAI,,,,,,,,,,,0,,0,,,,,,,,,,
,,,,,3/12,,E,,59N125040021,Express-CF-i3-8100H/ARIS,59-72131-2470,A2,4/8,3/19,430,1000,45,30,75,537.5,0,537.5,2025-03-29 00:00:00,671.875,,,純SMT(3/31上午接測),2,2025-02-21 00:00:00,,,
,,,,,,,,3/29,,,,,,,,,,,Total,,,537.5,671.875,,,,,,,,,
,,,,,第四週排程,,,,,,,,,,生產數量,,,,,,,,,,,,,,,,,
,,,,,,,,,,,,,,,,,,,,,,,,,,,,,,,,
,,,,,修改,First,線別,VIP,製令單號,品名,品號,版次,預計完工日,料齊日,實際生產,MO數量,反面,正面,SMT C.T(sec.),生產工時(min),換線工時(min),總工時(min),上線日,,上線時間,結束時間,備註,連板,Initail,,,
,,,,,,,,,開線,,,,,,,,,,,,,30,,,,,,,,,,
,,,,,,,B,,設備保養,,,,,,,,,,,0,,480,,,,,,,,,,
,,,,,,,B,,59N125050009,"PW-201,150W",59-65624-0110,A3,4/7,3/24,46,,20,20,40,30.666666666666668,60,90.66666666666667,2025-03-31 00:00:00,,,,,2,2025-02-22 00:00:00,,,
,,,,,,,B,,59N125050008,R4600-3A1-MB,59-65522-1020,A2,4/7,3/26,40,,77,83,160,106.66666666666667,40,146.66666666666669,2025-03-31 00:00:00,,,,,1,2025-02-22 00:00:00,,,
,,,,,,,B,,59N125040182,ABX-230AFM-4USB2,59-44842-0010,A1,4/7,3/19,200,,10,7,17,56.666666666666664,40,96.66666666666666,2025-03-31 00:00:00,,,,,1,2025-02-25 00:00:00,,重要工單,
,,,,,3/13,,B,,59N125030436,Capsule Axon 2 Mainboard,59-66942-0020,A2,4/8,4/1,570,,25,25,50,475,40,515,2025-03-31 00:00:00,,,,,2,2025-02-22 00:00:00,,,
,,,,,,,,,,,,,,,,,,,,,,1359,,,,,,,,,,
,,,,,,,,,,,,,,,,,,,,,,,,,,,,,,,,
,,,,,,,,,開線、收線,,,,,,,,,,,,,60,,,,,,,,,,
,,,,,,,,,夜班支援DIP,,,,,,,,,,,,,720,,,,,,,,,,
,,,,,,,A,,設備保養,,,,,,,,,,,0,,480,,,,,,,,,,
,,,,,3/31,,A,,59N125050040,M9048B,59-18903-9060,A4,4/7,3/31,50,,20,20,40,33.333333333333336,0,33.333333333333336,2025-03-31 00:00:00,,,,,2,2025-02-22 00:00:00,,重要工單,
,,,,,3/25,●,A,,55E125020154,OLY-PN Test Board,55-79428-000E,A1,4/5,3/25,20,,40,40,80,26.666666666666668,90,140,2025-03-31 00:00:00,,,,Clare,2,2025-03-11 00:00:00,,,DEV-0053708
,,,,,,,,,,,,,,,,,,,,,,1433.3333333333333,,,,,,,,,,
,,,,,,,,,,,,,,,,,,,,,,,,,,,,,,,,
,,,,,,,E,,設備保養,,,,,,,,,,,0,,480,,,,,,,,,,
,,,,,,,,3/31,,,,,,,,,,,Total,,,480,,,,,,,,,,
,,,,,第五週排程,,,,,,,,,,生產數量,,,,,,,,,,,,,,,,,
,,,,,,,,,,,,,,,,,,,,,,,,,,,,,,,,
,,,,,月生產狀況,,,,,,,,,,,,,,,,,,,,,,,,,,,
,,,,,,,,,,,,,,,,,,,,,,,,,,,,,,,,
,,,,,,,,,,,,,,,,,,,,,,,,,,,,,,,,
,,,,,,,,,,,,,,,,,,,,,,,,,,,,,,,,
,,,,,,,,,,,,,,,,,,,,,,,,,,,,,,,,
,,,,,,,,,,,,,,,,,,,,,,,,,,,,,,,,
,,,,,1/17,,A,,59N124110118,"SP2-EHL-J6412,PCAP,12V,IO,S1",59-A1031-1110,A1,3/7,2/21,30,,51,53,104,52,40,92,,,,,,1,2024-12-31 00:00:00,2025-03-05 00:00:00,,
,,,,,1/17,,A,,59N124110201,Triton CCP HDBaseT board,59-A2055-0010,A3,3/7,2/17,39,,13.5,13.5,27,17.55,60,85,,,,,,3,2024-12-31 00:00:00,2025-03-05 00:00:00,,
,,,,,1/17,,A,,59N125010028,Triton RCP HDBaseT board,59-A2055-1010,A3,3/10,2/17,93,,13.5,13.5,27,41.85,40,85,,,,,,3,2024-12-31 00:00:00,2025-03-06 00:00:00,,
,,,,,1/17,,A,,59N124120156,Triton TUI Scaler Board w/CAP protect,59-A2054-0010,A3,3/10,2/17,6,,13.5,24.5,38,3.8,60,85,,,,,,3,2024-12-31 00:00:00,2025-03-06 00:00:00,,
,,,,,1/17,,A,,55N124110201,Triton light bar board,55-A2060-0010,A1,3/14,1/16,140,,10,10,20,46.666666666666664,60,106.66666666666666,,,,,純SMT,20,2024-12-31 00:00:00,2025-03-11 00:00:00,,
,,,,,1/17,,A,,55N124110202,Triton indicator led board,55-A2061-0010,A1,3/14,1/16,150,,0,15,15,37.5,60,97.5,,,,,純SMT,25,2024-12-31 00:00:00,2025-03-11 00:00:00,,
,,,,,1/22,,A,,59N125030101,Express-ID7-D-1735TR/RP,59-72137-1120,A2,3/11,2/24,6,,50,45,95,9.5,60,69.5,,,,,純SMT,2,2025-01-16 00:00:00,2025-03-07 00:00:00,,
,,,,,2/3,,A,,55N125020307,cPCI-3520/9850HL/M32G,55-31128-0230,A2,3/3,2/25,10,,72.4,62.9,135.3,22.55,60,85,,,,,,2,2025-01-16 00:00:00,2025-03-01 00:00:00,,
,,,,,2/4,,A,,55N125030268,M9019-66530,55-63623-0030,A3,3/13,3/4,40,,40,40,80,53.333333333333336,40,93.33333333333334,,,,,,1,2025-01-15 00:00:00,2025-03-12 00:00:00,,
,,,,,2/4,,B,,59N125040071,M9019-66501,59-63515-0080,A2,3/6,3/3,50,,0,42,42,35,60,95,,,,,,2,2025-01-16 00:00:00,2025-03-04 00:00:00,重要工單,
,,,,,2/11,,A,,59N125020215,cExpress-MTL-135H,59-72221-5010,A1,3/5,2/17,10,,60,60,120,20,60,85,,,,,純SMT,2,2025-01-16 00:00:00,2025-03-01 00:00:00,,
,,,,,2/13,,A,,59N125020286,EGX-MXM-T1000/Align,59-7C003-A010,A2,3/17,2/17,240,,39.5,35.5,75,300,40,340,,,,,純SMT,2,2025-01-08 00:00:00,2025-03-10 00:00:00,,
,,,,,2/17,,B,,59N125020009,R4600-3A1 AFM board,59-65A59-0010,A2,3/10,2/24,52,,46.11,57.77,103.88,90.02933333333334,40,130.02933333333334,,,,,,1,2025-02-04 00:00:00,2025-03-05 00:00:00,,
,,,,,2/17,,A,,59N125020344,UNP MiniBase-10R,59-77805-0040,B1,3/24,3/18,6,,35,30,65,6.5,60,85,,,,,,1,2025-02-04 00:00:00,2025-03-20 00:00:00,,
,,,,,2/17,,A,,59N124090502,COM-HPC-ALT,59-73102-0060,1A2,3/20,2/7,10,,91,82,173,28.833333333333332,60,88.83333333333333,,,,,,1,2025-01-09 00:00:00,2025-03-18 00:00:00,,
,,,,,2/17,,E,,55E125030018,Aristocrat Gen10 Config stick,55-79028-005E,A1,3/3,2/10,376,1056,8,7,15,94,0,94,,134.2857142857143,,,Kim,8,2025-01-15 00:00:00,2025-03-01 00:00:00,,
,,,,,2/17,,E,,55E125030015,Aristocrat Gen10 Config stick,55-79028-005E,A1,3/17,2/17,1200,3368,8,7,15,300,0,300,,428.5714285714286,,,"Kim,純SMT",8,2025-02-10 00:00:00,2025-03-13 00:00:00,,
,,,,,2/17,,E,,55E125030015,Aristocrat Gen10 Config stick,55-79028-005E,A1,3/17,2/17,1600,3368,8,7,15,400,0,400,,571.4285714285714,,,"Kim,純SMT",8,2025-02-10 00:00:00,2025-03-14 00:00:00,,
,,,,,2/17,,E,,55E125030015,Aristocrat Gen10 Config stick,55-79028-005E,A1,3/17,2/17,568,3368,8,7,15,142,0,142,,202.85714285714286,,,"Kim,純SMT",8,2025-02-10 00:00:00,2025-03-15 00:00:00,,
,,,,,2/20,,A,,55N125030125,ROSCube-X BP,55-R1001-0010,A1,3/14,3/3,18,,20,20,40,12,60,85,,,,,,2,2025-02-07 00:00:00,2025-03-11 00:00:00,,
,,,,,2/24,,A,,55E125030207,cPCI-A3535KR/11850HE,55-31130-400E,A2,3/18,3/14,50,,55,50,105,87.5,60,147.5,,,,,Candace,2,2025-02-05 00:00:00,2025-03-17 00:00:00,,
,,,,,2/25,,B,,55E125030011,Aristocrat Gen10 Backplane,55-79030-004E,A3,3/29,3/6,150,,0,18,18,45,40,85,,,,,Kim,1,2025-01-07 00:00:00,2025-03-27 00:00:00,重要工單,
,,,,,2/26,,B,,59N125040006,Capsule Axon 2 Mainboard,59-66942-0010,A2,3/17,3/10,560,,25,25,50,466.6666666666667,40,506.6666666666667,,,,,,2,2025-01-16 00:00:00,2025-03-11 00:00:00,,
,,,,,2/26,,B,,59N125040023,Capsule Axon 2 Mainboard 1-Serial,59-66942-1010,A2,3/18,3/7,260,,22,21,43,186.33333333333334,40,226.33333333333334,,,,,,2,2025-02-07 00:00:00,2025-03-13 00:00:00,,
,,,,,2/26,,A,,59N125040026,Capsule Axon 2 Mainboard,59-66942-0010,A2,3/17,3/7,160,,25,25,50,133.33333333333334,40,173.33333333333334,,,,,,2,2025-02-07 00:00:00,2025-03-13 00:00:00,,
,,,,,2/26,,B,,59N125030053,Capsule Axon 2 Mainboard,59-66942-0010,A2,3/25,3/7,160,,25,25,50,133.33333333333334,40,173.33333333333334,,,,,,2,2025-02-24 00:00:00,2025-03-19 00:00:00,重要工單,
,,,,,2/26,,B,,59N125030051,Capsule Axon 2 Mainboard 4-port wired,59-66942-2010,A2,3/28,3/7,452,,22,21,43,323.93333333333334,40,363.93333333333334,,,,,,2,2025-02-11 00:00:00,2025-03-24 00:00:00,,
,,,,,2/26,,B,,59N125020001,Capsule Axon 2 Mainboard,59-66942-0010,A2,4/11,3/5,180,,25,25,50,150,40,190,,,,,,2,2025-02-25 00:00:00,2025-03-31 00:00:00,,
,,,,,2/26,,B,,59N125020028,Capsule Axon 2 Mainboard 1-Serial,59-66942-1010,A2,4/11,3/5,250,,22,21,43,179.16666666666666,40,219.16666666666666,,,,,,2,2025-02-25 00:00:00,2025-03-31 00:00:00,,
,,,,,3/3,,A,,55E125010303,Aristocrat Gen10 Backplane,55-79030-004E,A3,3/22,3/6,300,,0,18,18,90,40,130,,,,,Kim,1,2025-01-07 00:00:00,2025-03-20 00:00:00,,
,,,,,3/4,,A,,59N125040030,Express-DN7-C3808/FJT,59-72132-0120,A2,4/7,3/7,100,,40,37,77,128.33333333333334,40,168.33333333333334,,,,,純SMT 3/4 Karen通知移除,2,2025-02-04 00:00:00,2025-03-27 00:00:00,,
,,,,,3/10,,A,,59N125040079,cPCI-A3535ND1,59-31130-0020,A2,3/25,3/20,28,,53,43,96,44.8,60,104.8,,,,,,2,2025-02-20 00:00:00,2025-03-25 00:00:00,,
,,,,,3/10,,B,,59N125040003,Express-CF-i5-8400H/BK,59-72131-1280,A2,4/2,3/27,64,,48,41,89,94.93333333333334,40,134.93333333333334,,,,,純SMT,2,2025-02-22 00:00:00,2025-03-29 00:00:00,,
,,,,,3/13,,B,,55N125020483,CM4-SL2-WiTronix,55-48106-0070,A2,3/24,3/17,242,,58.2,52,110.2,444.47333333333336,40,484.47333333333336,,,,,,1,2025-02-21 00:00:00,2025-03-21 00:00:00,,
,,,,,3/14,,A,,55N125050073,SEMI-MF SATA Interposer,55-38207-0010,A1,4/2,3/27,20,,0,7,7,2.3333333333333335,60,85,,,,,,10,2025-03-02 00:00:00,2025-03-29 00:00:00,,
,,,,,,,,,,,,,,,,,,,,,,,,,,,,,,,,
,,,,,,,,,,,,,,,,,,,,,,,,,,, ,,,,,
