訂單,Remark
55E125070130,2025-07-17 00:00:00
55E125070132,2025-07-17 00:00:00
55E125070202,2025-07-17 00:00:00
55N125070215,2025-07-17 00:00:00
55N125080023,2025-07-17 00:00:00
55N125080033,2025-07-17 00:00:00
59N125060380,2025-07-17 00:00:00
59N125070061,2025-07-17 00:00:00
59N125070069,2025-07-17 00:00:00
59N125070160,2025-07-17 00:00:00
59N125070216,2025-07-17 00:00:00
59N125080085,2025-07-17 00:00:00
59N125080218,2025-07-17 00:00:00
59T125060047,2025-07-17 00:00:00
85E125010153,2025-07-17 00:00:00
85E125040106,2025-07-17 00:00:00
85E125040107,2025-07-17 00:00:00
85E125040108,2025-07-17 00:00:00
85E125060065,2025-07-17 00:00:00
85E125070014,2025-07-17 00:00:00
85N125040164,2025-07-17 00:00:00
85N125050222,2025-07-17 00:00:00
85N125060140,2025-07-17 00:00:00
85N125060374,2025-07-17 00:00:00
85N125060396,2025-07-17 00:00:00
85N125060454,2025-07-17 00:00:00
85N125070208,2025-07-17 00:00:00
85N125080203,2025-07-17 00:00:00
85N125080271,2025-07-17 00:00:00
85N125080275,2025-07-17 00:00:00
85N125100071,2025-07-17 00:00:00
91E125010154,2025-07-17 00:00:00
91E125030133,2025-07-17 00:00:00
91E125030134,2025-07-17 00:00:00
91E125030135,2025-07-17 00:00:00
91E125040107,2025-07-17 00:00:00
91E125040108,2025-07-17 00:00:00
91N125060559,2025-07-17 00:00:00
91N125060582,2025-07-17 00:00:00
91N125070106,2025-07-17 00:00:00
91N125070139,2025-07-17 00:00:00
91N125070149,2025-07-17 00:00:00
91N125070160,2025-07-17 00:00:00
91N125070345,2025-07-17 00:00:00
91N125070379,2025-07-17 00:00:00
91N125080108,2025-07-17 00:00:00
91R125060103,2025-07-17 00:00:00
91R125070111,2025-07-17 00:00:00
91R125070112,2025-07-17 00:00:00
91T125070031,2025-07-17 00:00:00
91T125070056,2025-07-17 00:00:00
93E124080145,2025-07-17 00:00:00
93E124120003,2025-07-17 00:00:00
93E125020007,2025-07-17 00:00:00
93E125020047,2025-07-17 00:00:00
93E125040018,2025-07-17 00:00:00
93E125040191,2025-07-17 00:00:00
93E125060007,2025-07-17 00:00:00
93E125060008,2025-07-17 00:00:00
93E125060067,2025-07-17 00:00:00
93E125060274,2025-07-17 00:00:00
93E125060275,2025-07-17 00:00:00
93E125060379,2025-07-17 00:00:00
93E125070016,2025-07-17 00:00:00
93E125070029,2025-07-17 00:00:00
93E125070208,2025-07-17 00:00:00
93E125070288,2025-07-17 00:00:00
93E125080018,2025-07-17 00:00:00
93E125080127,2025-07-17 00:00:00
93N125030043,2025-07-17 00:00:00
93N125050429,2025-07-17 00:00:00
93N125060456,2025-07-17 00:00:00
93N125070096,2025-07-17 00:00:00
93N125070140,2025-07-17 00:00:00
93N125070400,2025-07-17 00:00:00
93N125080063,2025-07-17 00:00:00
93N125080139,2025-07-17 00:00:00
